{"566AF86D-A3A8-42d1-AB61-F57E8222BD9E":{"alphamode":0,"base_map":null,"color":{"a":1.0,"b":0.5411764979362488,"g":0.572549045085907,"r":0.5647059082984924},"metallic":1.0,"name":"手部","nor_map":null,"roughness":0.5},"88E4839D-60E3-4dee-AD29-4C4714B56943":{"alphamode":0,"base_map":null,"color":{"a":1.0,"b":0.6274510025978088,"g":0.6274510025978088,"r":0.6274510025978088},"metallic":1.0,"name":"摄像机","nor_map":null,"roughness":0.5},"A664601B-3E98-458f-9410-FB78B08DC8BB":{"alphamode":0,"base_map":null,"color":{"a":1.0,"b":0.1882352977991104,"g":0.1882352977991104,"r":0.1882352977991104},"metallic":1.0,"name":"摄像机镜头","nor_map":null,"roughness":0.5},"BF03D448-3259-4f3e-AC37-125932033819":{"alphamode":0,"base_map":null,"color":{"a":0.0,"b":0.8509804010391235,"g":0.8509804010391235,"r":0.8509804010391235},"metallic":1.0,"name":"摄像机外壳","nor_map":null,"roughness":1.0},"CD1267DA-13C6-4b55-8E6C-DA4B62FAED8C":{"alphamode":0,"base_map":null,"color":{"a":1.0,"b":0.3149999976158142,"g":0.3149999976158142,"r":0.3149999976158142},"metallic":1.0,"name":"白色塑料","nor_map":null,"roughness":0.5}}