{"049A2AD8-A6E3-429f-804E-55B70F2D2CF8":{"alphamode":0,"base_map":null,"color":{"a":1.0,"b":0.3764705955982208,"g":0.8784313797950745,"r":0.125490203499794},"metallic":1.0,"name":"LG-空调冷水供水管","nor_map":null,"roughness":0.5},"09805F6A-E669-4a10-AA4D-22429BEC33AC":{"alphamode":0,"base_map":null,"color":{"a":1.0,"b":0.3764705955982208,"g":0.3764705955982208,"r":0.125490203499794},"metallic":1.0,"name":"Y-雨水管","nor_map":null,"roughness":0.5},"0985EDBA-F42C-4433-A892-B9A716E03201":{"alphamode":0,"base_map":null,"color":{"a":1.0,"b":0.3764705955982208,"g":0.125490203499794,"r":0.3764705955982208},"metallic":1.0,"name":"LH-空调冷水回水管","nor_map":null,"roughness":0.5},"09CAFEFD-64B2-42cf-8F40-6B8A2F1F7310":{"alphamode":0,"base_map":"png/29.png","color":{"a":0.0,"b":0.49803921580314636,"g":0.49803921580314636,"r":0.49803921580314636},"metallic":1.0,"name":"黑色","nor_map":null,"roughness":1.0},"0AB4B786-35E9-4bfc-85F6-B7704B7BA646":{"alphamode":0,"base_map":null,"color":{"a":0.0,"b":0.49803921580314636,"g":0.49803921580314636,"r":0.49803921580314636},"metallic":1.0,"name":"MaterialNode_8355711_0","nor_map":null,"roughness":1.0},"0D12C748-9C7C-4380-8E1E-C0E2E732B479":{"alphamode":0,"base_map":null,"color":{"a":1.0,"b":0.501960813999176,"g":0.0,"r":1.0},"metallic":1.0,"name":"SP-水炮灭火给水管","nor_map":null,"roughness":0.5},"16B11019-511A-4266-B147-44C533D82AE2":{"alphamode":0,"base_map":"png/38.png","color":{"a":0.0,"b":0.7254902124404907,"g":0.7333333492279053,"r":0.7411764860153198},"metallic":1.0,"name":"内外热镀锌钢管","nor_map":null,"roughness":1.0},"1B144E19-C69C-4957-9AB3-6AB6DF620E43":{"alphamode":0,"base_map":null,"color":{"a":1.0,"b":0.0,"g":0.0,"r":1.0},"metallic":1.0,"name":"P-XH-消火栓系统","nor_map":null,"roughness":0.5},"215711F9-8640-48a0-94CD-F757F690A291":{"alphamode":0,"base_map":"png/33.png","color":{"a":0.0,"b":0.49803921580314636,"g":0.49803921580314636,"r":0.49803921580314636},"metallic":1.0,"name":"黑色","nor_map":null,"roughness":1.0},"399BFF0C-625A-4e66-A856-982DFAD06B2B":{"alphamode":0,"base_map":"png/24.png","color":{"a":0.0,"b":0.9176470637321472,"g":0.9176470637321472,"r":0.9176470637321472},"metallic":1.0,"name":"米白","nor_map":null,"roughness":1.0},"41018960-F039-4210-B94B-C4CB1A7BC61C":{"alphamode":0,"base_map":"png/26.png","color":{"a":0.0,"b":0.9176470637321472,"g":0.9176470637321472,"r":0.9176470637321472},"metallic":1.0,"name":"米白","nor_map":null,"roughness":1.0},"48B6B339-384B-42be-8635-8BC6651E6BCD":{"alphamode":0,"base_map":null,"color":{"a":1.0,"b":0.8588235378265381,"g":0.8745098114013672,"r":0.8784313797950745},"metallic":1.0,"name":"钣金原色","nor_map":null,"roughness":0.800000011920929},"4C67CDF4-2E49-447e-B92E-258B9A6ED113":{"alphamode":0,"base_map":null,"color":{"a":1.0,"b":0.95686274766922,"g":0.95686274766922,"r":0.6274510025978088},"metallic":1.0,"name":"F-废水管","nor_map":null,"roughness":0.5},"553D2E0B-9A1E-4669-A348-646CF8F02E47":{"alphamode":0,"base_map":null,"color":{"a":1.0,"b":1.0,"g":0.7490196228027344,"r":0.0},"metallic":1.0,"name":"HY冷水回水系统系统颜色","nor_map":null,"roughness":0.5},"5831172C-9AAB-4178-ACC6-861A0D60C28F":{"alphamode":0,"base_map":null,"color":{"a":1.0,"b":0.4000000059604645,"g":0.0,"r":0.9333333373069763},"metallic":1.0,"name":"PF-排风管","nor_map":null,"roughness":1.0},"5C7F8DB8-C382-4811-9405-766016845677":{"alphamode":0,"base_map":null,"color":{"a":1.0,"b":0.8666666746139526,"g":0.6666666865348816,"r":0.0},"metallic":1.0,"name":"SF-空调送风管","nor_map":null,"roughness":1.0},"5D35A7D0-3633-43ac-8BC0-42D068D5F365":{"alphamode":0,"base_map":null,"color":{"a":1.0,"b":0.3764705955982208,"g":0.8784313797950745,"r":0.8784313797950745},"metallic":1.0,"name":"W-污水管","nor_map":null,"roughness":0.5},"62766466-0B4A-40bf-B3CB-71C31426213E":{"alphamode":0,"base_map":"png/39.png","color":{"a":0.0,"b":0.7254902124404907,"g":0.7333333492279053,"r":0.7411764860153198},"metallic":1.0,"name":"镀锌钢管-自喷管","nor_map":null,"roughness":1.0},"6B9B5AF0-143A-427c-B946-C395AF86C6CC":{"alphamode":0,"base_map":"png/37.png","color":{"a":0.0,"b":0.49803921580314636,"g":0.49803921580314636,"r":0.49803921580314636},"metallic":1.0,"name":"黑色","nor_map":null,"roughness":1.0},"78CE062B-E7CC-4194-ACF0-682F26114DCE":{"alphamode":0,"base_map":null,"color":{"a":1.0,"b":0.8999999761581421,"g":0.8999999761581421,"r":0.8980392217636108},"metallic":1.0,"name":"商标底材质","nor_map":null,"roughness":0.800000011920929},"79F4CE7D-2548-4c9a-B961-24C6D5B91F53":{"alphamode":0,"base_map":"png/27.png","color":{"a":0.0,"b":0.49803921580314636,"g":0.49803921580314636,"r":0.49803921580314636},"metallic":1.0,"name":"黑色","nor_map":null,"roughness":1.0},"80AA6B91-F51D-4cfb-9EC9-B31F8FE6C464":{"alphamode":0,"base_map":"png/36.png","color":{"a":0.0,"b":0.9176470637321472,"g":0.9176470637321472,"r":0.9176470637321472},"metallic":1.0,"name":"米白","nor_map":null,"roughness":1.0},"820766B8-C6C4-4862-8BD7-C262551DBA39":{"alphamode":0,"base_map":null,"color":{"a":1.0,"b":0.8784313797950745,"g":0.8784313797950745,"r":0.3764705955982208},"metallic":1.0,"name":"HY-虹吸雨水管","nor_map":null,"roughness":0.5},"8977E404-59AA-4c67-8784-331EBBB766A9":{"alphamode":0,"base_map":null,"color":{"a":1.0,"b":0.062745101749897,"g":0.2705882489681244,"r":0.7058823704719543},"metallic":1.0,"name":"材质2","nor_map":null,"roughness":0.800000011920929},"971B997E-1518-4efb-A27E-34BACBF428D5":{"alphamode":0,"base_map":"png/25.png","color":{"a":0.0,"b":0.49803921580314636,"g":0.49803921580314636,"r":0.49803921580314636},"metallic":1.0,"name":"黑色","nor_map":null,"roughness":1.0},"9B4ACBE4-7F35-4c1d-99FC-A965B17A020D":{"alphamode":0,"base_map":"png/32.png","color":{"a":0.0,"b":0.9176470637321472,"g":0.9176470637321472,"r":0.9176470637321472},"metallic":1.0,"name":"米白","nor_map":null,"roughness":1.0},"AC6096BE-8432-4308-912B-1CFC58AC4B6B":{"alphamode":0,"base_map":null,"color":{"a":1.0,"b":1.0,"g":0.8745098114013672,"r":0.501960813999176},"metallic":1.0,"name":"HY冷水供水系统系统颜色","nor_map":null,"roughness":0.5},"AD6493F5-1155-488d-BDD7-F77602AB5E51":{"alphamode":0,"base_map":null,"color":{"a":1.0,"b":1.0,"g":0.0,"r":0.0},"metallic":1.0,"name":"材质1","nor_map":null,"roughness":0.800000011920929},"BE7C1B1F-BC07-4b24-98A6-BF1CFF2D1F96":{"alphamode":0,"base_map":"png/34.png","color":{"a":0.0,"b":0.9176470637321472,"g":0.9176470637321472,"r":0.9176470637321472},"metallic":1.0,"name":"米白","nor_map":null,"roughness":1.0},"BEEEF754-D90C-4c33-AFC6-0874F9277BE1":{"alphamode":0,"base_map":"png/35.png","color":{"a":0.0,"b":0.49803921580314636,"g":0.49803921580314636,"r":0.49803921580314636},"metallic":1.0,"name":"黑色","nor_map":null,"roughness":1.0},"C7A6FCAF-528F-43bf-BEFC-8DD0EB8E509C":{"alphamode":0,"base_map":null,"color":{"a":1.0,"b":1.0,"g":0.0,"r":0.0},"metallic":1.0,"name":"XF-新风管","nor_map":null,"roughness":1.0},"C7B91ACD-9D84-42b8-994D-8B6EE9691C9D":{"alphamode":0,"base_map":"png/31.png","color":{"a":0.0,"b":0.49803921580314636,"g":0.49803921580314636,"r":0.49803921580314636},"metallic":1.0,"name":"黑色","nor_map":null,"roughness":1.0},"CE8F0B74-D3E9-4c3c-8943-B8A94B1DB386":{"alphamode":0,"base_map":"png/30.png","color":{"a":0.0,"b":0.9176470637321472,"g":0.9176470637321472,"r":0.9176470637321472},"metallic":1.0,"name":"米白","nor_map":null,"roughness":1.0},"D594FFD3-B5C3-4b11-8B6B-43A68BEFC023":{"alphamode":0,"base_map":null,"color":{"a":1.0,"b":1.0,"g":0.0,"r":1.0},"metallic":1.0,"name":"ZP-自喷灭火给水管","nor_map":null,"roughness":0.5},"D6BAFABE-D07F-46ce-8699-BC95A161F06E":{"alphamode":0,"base_map":null,"color":{"a":1.0,"b":0.4000000059604645,"g":0.3843137323856354,"r":0.3529411852359772},"metallic":1.0,"name":"铁，铸铁","nor_map":null,"roughness":0.550000011920929},"DF30D214-2B39-4c52-9B31-8950EF638750":{"alphamode":0,"base_map":null,"color":{"a":1.0,"b":0.0,"g":0.3333333432674408,"r":0.9333333373069763},"metallic":1.0,"name":"PY-消防排烟风管","nor_map":null,"roughness":1.0},"E0E50C7A-8922-4224-AB54-9E79F38B8F3C":{"alphamode":0,"base_map":"png/28.png","color":{"a":0.0,"b":0.9176470637321472,"g":0.9176470637321472,"r":0.9176470637321472},"metallic":1.0,