{"071716D8-65EB-4dcf-B0B5-35CD8F082C59":{"alphamode":0,"base_map":null,"color":{"a":1.0,"b":1.0,"g":0.0,"r":0.0},"metallic":1.0,"name":"P-RJ-人防给水系统","nor_map":null,"roughness":0.5},"17518504-A042-4f9b-BE6D-7CFDA6D71252":{"alphamode":0,"base_map":null,"color":{"a":1.0,"b":0.0,"g":0.0,"r":1.0},"metallic":1.0,"name":"P-XH-消火栓系统","nor_map":null,"roughness":0.5},"22189CBD-8CE5-4435-852E-1696474F4592":{"alphamode":0,"base_map":null,"color":{"a":0.0,"b":0.0,"g":0.0,"r":0.7843137383460999},"metallic":1.0,"name":"Paint - Armstrong - Red","nor_map":null,"roughness":1.0},"356A3B8F-F5CC-4383-8AB1-DC853C6FAE9A":{"alphamode":0,"base_map":"png/10.png","color":{"a":0.0,"b":0.7254902124404907,"g":0.7333333492279053,"r":0.7411764860153198},"metallic":1.0,"name":"镀锌钢管-雨废管","nor_map":null,"roughness":1.0},"3718C60B-52A0-4578-BF25-6097687FB22A":{"alphamode":2,"base_map":null,"color":{"a":0.25,"b":0.7529411911964417,"g":0.501960813999176,"r":0.0},"metallic":1.0,"name":"Glass","nor_map":null,"roughness":1.0},"3DD766B7-ABF0-4f8e-A5FC-498044967EF9":{"alphamode":0,"base_map":"png/8.png","color":{"a":0.0,"b":0.7254902124404907,"g":0.7333333492279053,"r":0.7411764860153198},"metallic":1.0,"name":"镀锌钢管-雨废管","nor_map":null,"roughness":1.0},"6017888C-BF18-4850-B1EC-FFC46095B873":{"alphamode":0,"base_map":"png/9.png","color":{"a":0.0,"b":0.7254902124404907,"g":0.7333333492279053,"r":0.7411764860153198},"metallic":1.0,"name":"镀锌钢管-自喷管","nor_map":null,"roughness":1.0},"7325769F-25F4-41a7-ABD0-8C97D1BDBB3D":{"alphamode":0,"base_map":null,"color":{"a":0.0,"b":0.29019609093666077,"g":0.29019609093666077,"r":1.0},"metallic":1.0,"name":"红色","nor_map":null,"roughness":1.0},"741CEF3A-E689-4aa6-8593-CBC674D64112":{"alphamode":0,"base_map":null,"color":{"a":1.0,"b":0.0,"g":0.0,"r":0.250980406999588},"metallic":1.0,"name":"P-RFP-人防排水系统","nor_map":null,"roughness":0.5},"85F3DA66-E744-43bd-B426-6137C0959D90":{"alphamode":0,"base_map":null,"color":{"a":1.0,"b":0.0,"g":0.501960813999176,"r":0.501960813999176},"metallic":1.0,"name":"M-PYP-机械排烟兼排风系统","nor_map":null,"roughness":0.5},"887D9B24-0A68-455d-B225-E3725C9F87B0":{"alphamode":0,"base_map":null,"color":{"a":0.0,"b":0.250980406999588,"g":0.0,"r":0.501960813999176},"metallic":1.0,"name":"M-JBJ-机械进风兼火灾补风系统","nor_map":null,"roughness":1.0},"9A1F3CD4-D951-428b-BD5B-D64DD284FE73":{"alphamode":0,"base_map":null,"color":{"a":1.0,"b":0.250980406999588,"g":0.250980406999588,"r":0.501960813999176},"metallic":1.0,"name":"M-RP人防排风系统","nor_map":null,"roughness":0.5},"9A339A24-F8AD-441d-9357-F3911898AF16":{"alphamode":0,"base_map":null,"color":{"a":0.0,"b":0.7254902124404907,"g":0.7333333492279053,"r":0.7411764860153198},"metallic":1.0,"name":"不锈钢，抛光","nor_map":null,"roughness":1.0},"AFCC7085-D6F2-4bd3-AFFE-1812C96D4623":{"alphamode":0,"base_map":null,"color":{"a":0.0,"b":0.0,"g":0.0,"r":0.0},"metallic":1.0,"name":"不锈钢","nor_map":null,"roughness":1.0},"B29C410C-222A-4d16-98A0-779ED77A4F35":{"alphamode":0,"base_map":null,"color":{"a":1.0,"b":0.0,"g":1.0,"r":1.0},"metallic":1.0,"name":"P-Y-雨水系统","nor_map":null,"roughness":0.5},"DA311C88-D163-4d46-8C9A-C92DCD670B93":{"alphamode":2,"base_map":null,"color":{"a":0.10000000149011612,"b":0.7529411911964417,"g":0.501960813999176,"r":0.0},"metallic":1.0,"name":"玻璃蓝","nor_map":null,"roughness":1.0},"E8B9C3D1-E549-4fde-B190-DE433C94AB92":{"alphamode":0,"base_map":null,"color":{"a":0.0,"b":0.47058823704719543,"g":0.47058823704719543,"r":0.47058823704719543},"metallic":1.0,"name":"铝合金","nor_map":null,"roughness":1.0},"F6CF37A4-1FD9-4a03-9777-A9CC92851815":{"alphamode":0,"base_map":null,"color":{"a":0.0,"b":0.49803921580314636,"g":0.49803921580314636,"r":0.49803921580314636},"metallic":1.0,"name":"MaterialNode_8355711_0","nor_map":null,"roughness":1.0}}