{"743DBB4C-D761-4a29-90FC-668D0C6E6FB1":{"alphamode":0,"base_map":null,"color":{"a":1.0,"b":0.8117647171020508,"g":0.7882353067398071,"r":0.7686274647712708},"metallic":1.0,"name":"不锈钢","nor_map":null,"roughness":0.4000000059604645},"CB70C591-7CA8-4681-BA0B-78A993690927":{"alphamode":0,"base_map":null,"color":{"a":0.0,"b":0.03921568766236305,"g":0.03921568766236305,"r":0.03921568766236305},"metallic":1.0,"name":"黑色扶梯扶手","nor_map":null,"roughness":0.800000011920929},"D46D38DC-1982-4e81-BFE2-1C5EF3520FD4":{"alphamode":0,"base_map":null,"color":{"a":0.0,"b":0.05882352963089943,"g":0.05882352963089943,"r":0.05882352963089943},"metallic":1.0,"name":"踏步","nor_map":null,"roughness":0.4000000059604645},"D6553093-FE1D-42f1-A74C-3DC50BDFE10C":{"alphamode":2,"base_map":null,"color":{"a":0.30000001192092896,"b":0.8509804010391235,"g":0.6509804129600525,"r":0.45098039507865906},"metallic":1.0,"name":"玻璃","nor_map":null,"roughness":0.20000000298023224}}