{"1625246D-1CD1-476f-8144-C68A66BE91D8":{"alphamode":0,"base_map":null,"color":{"a":1.0,"b":0.0,"g":0.0,"r":0.0},"metallic":1.0,"name":"黑色","nor_map":null,"roughness":0.5},"2AA7009C-8C12-4232-8DCE-1A3C2F3B7837":{"alphamode":0,"base_map":"png/82.png","color":{"a":0.0,"b":0.49803921580314636,"g":0.49803921580314636,"r":0.49803921580314636},"metallic":1.0,"name":"黑色","nor_map":null,"roughness":1.0},"4823700F-4220-44e9-A625-3A5E67172846":{"alphamode":0,"base_map":null,"color":{"a":0.0,"b":0.95686274766922,"g":0.95686274766922,"r":0.95686274766922},"metallic":1.0,"name":"M_安检台材质","nor_map":null,"roughness":1.0},"566AF86D-A3A8-42d1-AB61-F57E8222BD9E":{"alphamode":0,"base_map":null,"color":{"a":1.0,"b":0.5411764979362488,"g":0.572549045085907,"r":0.5647059082984924},"metallic":1.0,"name":"手部","nor_map":null,"roughness":0.5},"5C87D67C-E70A-4c06-AFFE-0649B6E7D249":{"alphamode":2,"base_map":null,"color":{"a":0.15000000596046448,"b":0.9725490212440491,"g":0.9764705896377563,"r":0.9686274528503418},"metallic":1.0,"name":"半球摄像机玻璃罩子","nor_map":null,"roughness":1.0},"6B8F64FF-16BF-4ae0-B978-389C39B4B379":{"alphamode":0,"base_map":null,"color":{"a":1.0,"b":0.49000000953674316,"g":0.5899999737739563,"r":0.4699999988079071},"metallic":1.0,"name":"橡胶","nor_map":null,"roughness":1.0},"88E4839D-60E3-4dee-AD29-4C4714B56943":{"alphamode":0,"base_map":null,"color":{"a":1.0,"b":0.6274510025978088,"g":0.6274510025978088,"r":0.6274510025978088},"metallic":1.0,"name":"摄像机","nor_map":null,"roughness":0.5},"A664601B-3E98-458f-9410-FB78B08DC8BB":{"alphamode":0,"base_map":null,"color":{"a":1.0,"b":0.1882352977991104,"g":0.1882352977991104,"r":0.1882352977991104},"metallic":1.0,"name":"摄像机镜头","nor_map":null,"roughness":0.5},"BF03D448-3259-4f3e-AC37-125932033819":{"alphamode":0,"base_map":null,"color":{"a":0.0,"b":0.8509804010391235,"g":0.8509804010391235,"r":0.8509804010391235},"metallic":1.0,"name":"摄像机外壳","nor_map":null,"roughness":1.0},"CD1267DA-13C6-4b55-8E6C-DA4B62FAED8C":{"alphamode":0,"base_map":null,"color":{"a":1.0,"b":0.3149999976158142,"g":0.3149999976158142,"r":0.3149999976158142},"metallic":1.0,"name":"白色塑料","nor_map":null,"roughness":0.5},"E3DA0EC8-72B4-4539-96DD-2C9D1773C774":{"alphamode":0,"base_map":"png/81.png","color":{"a":1.0,"b":0.9854856133460999,"g":0.9856501817703247,"r":0.9856458902359009},"metallic":1.0,"name":"半球摄像机主体材质","nor_map":null,"roughness":0.22540000081062317}}