{"013CDD39-8FA8-4dd7-8149-B62AAEB541A6":{"alphamode":0,"base_map":"png/25.png","color":{"a":1.0,"b":1.0,"g":1.0,"r":1.0},"metallic":1.0,"name":"BOM乘客显示屏","nor_map":null,"roughness":0.5},"0B254556-DB91-45e8-8427-05B4A576CD28":{"alphamode":0,"base_map":null,"color":{"a":1.0,"b":0.6899999976158142,"g":0.6399999856948853,"r":0.6399999856948853},"metallic":1.0,"name":"读卡器","nor_map":null,"roughness":0.4699999988079071},"0C143385-9EE0-42a1-B6EF-4D10CB42D7EB":{"alphamode":0,"base_map":"png/29.png","color":{"a":0.0,"b":0.47058823704719543,"g":0.47058823704719543,"r":0.47058823704719543},"metallic":1.0,"name":"黑色外壳","nor_map":null,"roughness":1.0},"126A245F-B1CC-48fa-AC62-D14E8BBBF08B":{"alphamode":0,"base_map":"png/40.png","color":{"a":1.0,"b":0.7529411911964417,"g":0.7529411911964417,"r":0.7529411911964417},"metallic":1.0,"name":"扫码区","nor_map":null,"roughness":0.5},"17E8B5EA-000F-4256-9275-ADC1AD711FDB":{"alphamode":0,"base_map":"png/6.png","color":{"a":1.0,"b":0.7529411911964417,"g":0.7529411911964417,"r":0.7529411911964417},"metallic":1.0,"name":"扫码区","nor_map":null,"roughness":0.5},"17F49060-5CCE-47d2-9FFD-930A7A3A185F":{"alphamode":0,"base_map":"png/42.png","color":{"a":0.0,"b":0.47058823704719543,"g":0.47058823704719543,"r":0.47058823704719543},"metallic":1.0,"name":"黑色外壳","nor_map":null,"roughness":1.0},"1D1D54E7-0DCB-42f4-98C9-5736C1E16013":{"alphamode":0,"base_map":"png/12.png","color":{"a":1.0,"b":1.0,"g":1.0,"r":1.0},"metallic":1.0,"name":"儿童提示2","nor_map":null,"roughness":0.5},"1E484C32-E62C-426a-BBB7-C81936216D1B":{"alphamode":0,"base_map":null,"color":{"a":1.0,"b":0.8588235378265381,"g":0.8745098114013672,"r":0.8784313797950745},"metallic":1.0,"name":"天蓝色金属外壳","nor_map":null,"roughness":0.800000011920929},"2262F26B-D412-4847-8FA6-04B63F585527":{"alphamode":0,"base_map":"png/28.png","color":{"a":1.0,"b":1.0,"g":1.0,"r":1.0},"metallic":1.0,"name":"STM乘客显示屏","nor_map":null,"roughness":0.5},"2678AFD2-1DBC-4d4a-8156-719A252A8CD8":{"alphamode":0,"base_map":"png/17.png","color":{"a":1.0,"b":0.7529411911964417,"g":0.7529411911964417,"r":0.7529411911964417},"metallic":1.0,"name":"扫码区","nor_map":null,"roughness":0.5},"2A9B7C68-7153-4490-B015-A1C7CB3C6A2F":{"alphamode":0,"base_map":"png/30.png","color":{"a":1.0,"b":1.0,"g":1.0,"r":1.0},"metallic":1.0,"name":"TVM乘客显示屏","nor_map":null,"roughness":0.5},"3002DF57-5CAD-471a-B052-D8DB5721BC8A":{"alphamode":0,"base_map":"png/43.png","color":{"a":1.0,"b":1.0,"g":1.0,"r":1.0},"metallic":1.0,"name":"TVM乘客显示屏","nor_map":null,"roughness":0.5},"3249E449-5192-48a3-AF1E-0CF57060342F":{"alphamode":0,"base_map":null,"color":{"a":1.0,"b":0.7686274647712708,"g":0.7411764860153198,"r":0.7254902124404907},"metallic":1.0,"name":"白色","nor_map":null,"roughness":0.5},"357F358C-4E4E-4fae-AA76-4939F2DD778D":{"alphamode":2,"base_map":null,"color":{"a":1.0,"b":0.5411764979362488,"g":0.572549045085907,"r":0.5647059082984924},"metallic":1.0,"name":"透明","nor_map":null,"roughness":0.5},"3605ED84-1FB2-4f67-B187-3F9455ECAAFB":{"alphamode":0,"base_map":null,"color":{"a":1.0,"b":1.0,"g":1.0,"r":1.0},"metallic":1.0,"name":"模型文字-白","nor_map":null,"roughness":0.5},"383C5ACC-01F5-4e40-A9DA-5576F525257C":{"alphamode":0,"base_map":"png/15.png","color":{"a":1.0,"b":0.7529411911964417,"g":0.7529411911964417,"r":0.7529411911964417},"metallic":1.0,"name":"扫码区2","nor_map":null,"roughness":0.5},"3A04AA20-B73D-43d6-B4BA-FC654029001B":{"alphamode":0,"base_map":null,"color":{"a":1.0,"b":1.0,"g":0.0,"r":1.0},"metallic":1.0,"name":"蓝色塑料","nor_map":null,"roughness":0.5},"3C69274D-EE23-460f-B178-2F451262D664":{"alphamode":0,"base_map":null,"color":{"a":1.0,"b":0.501960813999176,"g":1.0,"r":1.0},"metallic":1.0,"name":"黄色塑料","nor_map":null,"roughness":0.5},"3D42733A-A3B0-4e5b-9C49-EF7FE5FC650F":{"alphamode":2,"base_map":null,"color":{"a":1.0,"b":0.3149999976158142,"g":0.3149999976158142,"r":0.3149999976158142},"metallic":1.0,"name":"二维码模块","nor_map":null,"roughness":0.5},"3F00F6A2-AE4F-40ff-9D8B-2A4C45FC0D45":{"alphamode":0,"base_map":"png/1.png","color":{"a":0.0,"b":0.49803921580314636,"g":0.49803921580314636,"r":0.49803921580314636},"metallic":1.0,"name":"黑色","nor_map":null,"roughness":1.0},"4067B24A-60CF-4249-9357-0F342C15210B":{"alphamode":0,"base_map":null,"color":{"a":0.0,"b":0.501960813999176,"g":1.0,"r":0.501960813999176},"metallic":1.0,"name":"绿色","nor_map":null,"roughness":1.0},"4501ED1A-07C5-4c5a-813F-470FA7EDA024":{"alphamode":0,"base_map":null,"color":{"a":1.0,"b":0.8470588326454163,"g":0.8470588326454163,"r":0.8470588326454163},"metallic":1.0,"name":"灰白色金属外壳","nor_map":null,"roughness":0.800000011920929},"51D61F32-BCDE-4402-BE32-3D5F64F861D4":{"alphamode":0,"base_map":null,"color":{"a":1.0,"b":0.800000011920929,"g":0.800000011920929,"r":0.800000011920929},"metallic":1.0,"name":"塑料（透明）","nor_map":null,"roughness":0.0},"553E6F6E-282C-49f9-83AD-DE4C2DCAF8E7":{"alphamode":0,"base_map":null,"color":{"a":1.0,"b":1.0,"g":0.7490196228027344,"r":0.49803921580314636},"metallic":1.0,"name":"红色塑料","nor_map":null,"roughness":0.5},"566AF86D-A3A8-42d1-AB61-F57E8222BD9E":{"alphamode":0,"base_map":null,"color":{"a":1.0,"b":0.5411764979362488,"g":0.572549045085907,"r":0.5647059082984924},"metallic":1.0,"name":"手部","nor_map":null,"roughness":0.5},"5AD3A797-1453-4d49-8AA3-BCA45B14BE26":{"alphamode":0,"base_map":null,"color":{"a":1.0,"b":0.7529411911964417,"g":0.7529411911964417,"r":0.7529411911964417},"metallic":1.0,"name":"透明塑料","nor_map":null,"roughness":0.5},"5B3ED48B-3F0B-451d-8D78-16D57C1E8759":{"alphamode":0,"base_map":"png/4.png","color":{"a":1.0,"b":1.0,"g":1.0,"r":1.0},"metallic":1.0,"name":"儿童提示2","nor_map":null,"roughness":0.5},"6270AAEB-9A7D-469b-A183-503034913CA5":{"alphamode":0,"base_map":"png/39.png","color":{"a":1.0,"b":1.0,"g":1.0,"r":1.0},"metallic":1.0,"name":"读卡区","nor_map":null,"roughness":0.5},"671F79A3-A816-4da4-8A84-A446D9BA19A1":{"alphamode":0,"base_map":"png/10.png","color":{"a":1.0,"b":1.0,"g":1.0,"r":1.0},"metallic":1.0,"name":"读卡区","nor_map":null,"roughness":0.5},"674C4466-AFC8-4910-B31C-A02A197B06F6":{"alphamode":0,"base_map":null,"color":{"a":1.0,"b":0.250980406999588,"g":0.501960813999176,"r":1.0},"metallic":1.0,"name":"橙色塑料外壳","nor_map":null,"roughness":0.6800000071525574},"6766C2CA-A76E-4a37-BB28-208A6B28C19D":{"alphamode":0,"base_map":"png/24.png","color":{"a":1.0,"b":1.0,"g":1.0,"r":1.0},"metallic":1.0,"name":"BOM操作显示屏","nor_map":null,"roughness":0.5},"676856D1-74CA-4c11-AF7E-197D040AAD6E":{"alphamode":0,"base_map":"png/3.png","color":{"a":1.0,"b":0.7529411911964417,"g":0.7529411911964417,"r":0.7529411911964417},"metallic":1.0,"name":"扫码区","nor_map":null,"roughness":0.5},"6780D89F-38B9-49aa-A569-E35708753737":{"alphamode":0,"base_map":null,"color":{"a":1.0,"b":0.0470588244497776,"g":0.5215686559677124,"r":0.8392156958580017},"metallic":1.0,"name":"不锈钢（前下门）","nor_map":null,"roughness":0.800000011920929},"67A9B5C8-C6E7-4f60-967D-7B28646EBB9B":{"alphamode":0,"base_map":"png/16.png","color":{"a":1.0,"b":1.0,"g":1.0,"r":1.0},"metallic":1.0,"name":"读卡区","nor_map":null,"roughness":0.5},"6D6F4FC4-FBDD-413e-8EF1-6B9B27DAD168":{"alphamode":0,"base_map":null,"color":{"a":1.0,"b":1.0,"g":1.0,"r":0.0},"metallic":1.0,"name":"蓝色","nor_map":null,"roughness":0.5},"747FC7C7-14EB-4706-925A-B07BE400D851":{"alphamode":0,"base_map":"png/7.png","color":{"a":1.0,"b":1.0,"g":1.0,"r":1.0},"metallic":1.0,"name":"读卡区","nor_map":null,"roughness":0.5},"74A12337-5701-45b0-9D62-8FB0053C1DFC":{"alphamode":0,"base_map":"png/36.png","color":{"a":1.0,"b":0.7529411911964417,"g":0.7529411911964417,"r":0.7529411911964417},"metallic":1.0,"name":"扫码区","nor_map":null,"roughness":0.5},"74A94747-7A42-4b3c-BF8D-BFC45AEC20F5":{"alphamode":0,"base_map":"png/34.png","color":{"a":0.0,"b":0.49803921580314636,"g":0.49803921580314636,"r":0.49803921580314636},"metallic":1.0,"name":"黑色","nor_map":null,"roughness":1.0},"77A9AF75-8450-479b-A1F3-82FE446AA74F":{"alphamode":0,"base_map":null,"color":{"a":1.0,"b":0.800000011920929,"g":0.7599999904632568,"r":0.7699999809265137},