{"14F636AD-63D2-4708-9DD6-B44137C8B7EE":{"alphamode":0,"base_map":null,"color":{"a":1.0,"b":0.33725491166114807,"g":0.34117648005485535,"r":0.3450980484485626},"metallic":1.0,"name":"象牙黑","nor_map":null,"roughness":0.5},"1625246D-1CD1-476f-8144-C68A66BE91D8":{"alphamode":0,"base_map":null,"color":{"a":1.0,"b":0.0,"g":0.0,"r":0.0},"metallic":1.0,"name":"黑色","nor_map":null,"roughness":0.5},"291B50D8-6C9E-4f02-BAC1-918B81627F57":{"alphamode":2,"base_map":null,"color":{"a":0.25,"b":0.9333333373069763,"g":0.9411764740943909,"r":0.9254902005195618},"metallic":1.0,"name":"玻璃","nor_map":null,"roughness":1.0},"3605ED84-1FB2-4f67-B187-3F9455ECAAFB":{"alphamode":0,"base_map":null,"color":{"a":1.0,"b":1.0,"g":1.0,"r":1.0},"metallic":1.0,"name":"模型文字-白","nor_map":null,"roughness":0.5},"3D42733A-A3B0-4e5b-9C49-EF7FE5FC650F":{"alphamode":2,"base_map":null,"color":{"a":1.0,"b":0.3149999976158142,"g":0.3149999976158142,"r":0.3149999976158142},"metallic":1.0,"name":"二维码模块","nor_map":null,"roughness":0.5},"45E4EE6E-ED69-416e-9B46-34A64007E0B2":{"alphamode":0,"base_map":null,"color":{"a":0.0,"b":1.0,"g":0.9490196108818054,"r":0.9490196108818054},"metallic":1.0,"name":"杆","nor_map":null,"roughness":1.0},"4823700F-4220-44e9-A625-3A5E67172846":{"alphamode":0,"base_map":null,"color":{"a":0.0,"b":0.95686274766922,"g":0.95686274766922,"r":0.95686274766922},"metallic":1.0,"name":"M_安检台材质","nor_map":null,"roughness":1.0},"4AC73147-00DB-49a3-8C8F-AB712079925F":{"alphamode":0,"base_map":null,"color":{"a":0.0,"b":0.32549020648002625,"g":0.05098039284348488,"r":0.05098039284348488},"metallic":1.0,"name":"深蓝","nor_map":null,"roughness":1.0},"587206DD-BB28-4bcb-8ED2-C1A2D826D1CB":{"alphamode":0,"base_map":"png/46.png","color":{"a":1.0,"b":0.3149999976158142,"g":0.3149999976158142,"r":0.3149999976158142},"metallic":1.0,"name":"黑色边框","nor_map":null,"roughness":0.5},"5AD3A797-1453-4d49-8AA3-BCA45B14BE26":{"alphamode":0,"base_map":null,"color":{"a":1.0,"b":0.7529411911964417,"g":0.7529411911964417,"r":0.7529411911964417},"metallic":1.0,"name":"透明塑料","nor_map":null,"roughness":0.5},"68B78094-57AF-4d81-823F-513DCB7881DB":{"alphamode":0,"base_map":null,"color":{"a":1.0,"b":0.9411764740943909,"g":0.9843137264251709,"r":1.0},"metallic":1.0,"name":"黄铜色","nor_map":null,"roughness":0.5},"69A92476-DC57-492b-8F22-0308390DEE5D":{"alphamode":0,"base_map":null,"color":{"a":0.0,"b":0.37254902720451355,"g":0.5686274766921997,"r":0.5960784554481506},"metallic":1.0,"name":"Ottone","nor_map":null,"roughness":1.0},"756B5A31-29C7-42fc-9780-D11B26353180":{"alphamode":0,"base_map":null,"color":{"a":0.0,"b":0.019607843831181526,"g":0.019607843831181526,"r":0.019607843831181526},"metallic":1.0,"name":"黑色导轨","nor_map":null,"roughness":1.0},"837088B6-C3B4-47cd-A6DB-8550FC4CC185":{"alphamode":0,"base_map":null,"color":{"a":0.0,"b":0.7372549176216125,"g":0.8470588326454163,"r":0.8784313797950745},"metallic":1.0,"name":"亮银色把手","nor_map":null,"roughness":1.0},"881FD216-67F3-4ffb-BE5C-03ADA53A59FC":{"alphamode":0,"base_map":null,"color":{"a":0.0,"b":0.0,"g":0.0,"r":0.0},"metallic":1.0,"name":"塑料","nor_map":null,"roughness":1.0},"9B9EE450-506C-440f-9BF3-EC825AB6195F":{"alphamode":0,"base_map":"png/48.png","color":{"a":0.0,"b":0.18431372940540314,"g":0.18431372940540314,"r":0.18431372940540314},"metallic":1.0,"name":"黑色塑料","nor_map":null,"roughness":1.0},"A2786BBE-ABAE-4d9f-B483-EF31622B59E7":{"alphamode":0,"base_map":"png/49.png","color":{"a":0.0,"b":0.2078431397676468,"g":0.2078431397676468,"r":0.2078431397676468},"metallic":1.0,"name":"黑色外壳","nor_map":null,"roughness":1.0},"A8189127-1CB7-49df-AEB6-AB4FE418B28E":{"alphamode":0,"base_map":null,"color":{"a":1.0,"b":0.0,"g":0.0,"r":1.0},"metallic":1.0,"name":"银白金属","nor_map":null,"roughness":0.5},"B29330A0-751B-4c8d-AB32-B478AC6A8FFB":{"alphamode":0,"base_map":"png/47.png","color":{"a":0.0,"b":0.18431372940540314,"g":0.18431372940540314,"r":0.18431372940540314},"metallic":1.0,"name":"黑布","nor_map":null,"roughness":1.0},"B8DD23B4-E1D6-4de6-9477-55A94C898E24":{"alphamode":0,"base_map":null,"color":{"a":0.0,"b":0.7529411911964417,"g":0.7529411911964417,"r":0.7529411911964417},"metallic":1.0,"name":"Gomma","nor_map":null,"roughness":1.0},"B92E86AD-C0F8-4505-B5F1-4F1159676EB8":{"alphamode":0,"base_map":"png/50.png","color":{"a":1.0,"b":0.3149999976158142,"g":0.3149999976158142,"r":0.3149999976158142},"metallic":1.0,"name":"橘黄色外壳","nor_map":null,"roughness":0.5},"BAC2CC99-2AB6-428d-86B4-02B8BA333CC6":{"alphamode":0,"base_map":null,"color":{"a":0.0,"b":0.0,"g":0.0,"r":1.0},"metallic":1.0,"name":"渲染材质 255-255-255(1)","nor_map":null,"roughness":1.0},"C1578977-86E7-4a9f-B285-B46BCF9453BC":{"alphamode":0,"base_map":null,"color":{"a":0.0,"b":0.49803921580314636,"g":0.49803921580314636,"r":0.49803921580314636},"metallic":1.0,"name":"MaterialNode_8355711_0","nor_map":null,"roughness":1.0},"C713DDF4-0767-41f0-9EC2-C7C41E245033":{"alphamode":0,"base_map":null,"color":{"a":1.0,"b":0.0,"g":0.0,"r":1.0},"metallic":1.0,"name":"按钮红","nor_map":null,"roughness":0.699999988079071},"CA6F5C21-8CC9-4b5a-A74F-D3873F0C92C9":{"alphamode":0,"base_map":null,"color":{"a":1.0,"b":0.0,"g":1.0,"r":1.0},"metallic":1.0,"name":"印刷黄","nor_map":null,"roughness":0.699999988079071},"CD1267DA-13C6-4b55-8E6C-DA4B62FAED8C":{"alphamode":0,"base_map":null,"color":{"a":1.0,"b":0.3149999976158142,"g":0.3149999976158142,"r":0.3149999976158142},"metallic":1.0,"name":"白色塑料","nor_map":null,"roughness":0.5},"D9A5075A-0C13-436c-A294-4BE46A1DEC46":{"alphamode":0,"base_map":null,"color":{"a":0.0,"b":0.47058823704719543,"g":0.47058823704719543,"r":0.47058823704719543},"metallic":1.0,"name":"不锈钢","nor_map":null,"roughness":1.0},"E2AD29EE-57EA-4d80-B427-16364D84F2E9":{"alphamode":0,"base_map":null,"color":{"a":1.0,"b":0.20000000298023224,"g":0.20000000298023224,"r":0.20000000298023224},"metallic":1.0,"name":"浅黑色外壳","nor_map":null,"roughness":0.5},"E2F7DD12-214A-4734-A16A-5D12C07449AC":{"alphamode":0,"base_map":null,"color":{"a":0.0,"b":0.9725490212440491,"g":0.14509804546833038,"r":0.0941176488995552},"metallic":1.0,"name":"蓝色显示屏","nor_map":null,"roughness":1.0},"E60AAED5-A6E4-4677-89D2-BE177C61E420":{"alphamode":0,"base_map":null,"color":{"a":1.0,"b":0.9607843160629272,"g":0.9607843160629272,"r":0.9607843160629272},"metallic":1.0,"name":"LOGO","nor_map":null,"roughness":0.5},"E62FD909-9DE0-4e1f-9858-5087AB784B93":{"alphamode":0,"base_map":null,"color":{"a":0.0,"b":0.3019607961177826,"g":0.14901961386203766,"r":0.0},"metallic":1.0,"name":"Acciaio","nor_map":null,"roughness":1.0},"EA0E647D-6E4A-48b0-BAFF-FFB723911C80":{"alphamode":0,"base_map":null,"color":{"a":0.0,"b":0.6745098233222961,"g":0.7843137383460999,"r":0.22745098173618317},"metallic":1.0,"name":"青色","nor_map":null,"roughness":1.0},"EA0E6646-2EF5-4d42-9871-A5642577C54A":{"alphamode":0,"base_map":null,"color":{"a":1.0,"b":0.0,"g":0.0,"r":0.5333333611488342},"metallic":1.0,"name":"PCB主控板","nor_map":null,"roughness":0.5},"FB56A7CF-E42B-4697-811D-23B8DCE1A13E":{"alphamode":0,"base_map":"png/45.png","color":{"a":1.0,"b":0.3149999976158142,"g":0.3149999976158142,"r":0.3149999976158142},"metallic":1.0,"name":"黑色垫脚","nor_map":null,"roughness":0.5}}