{"011E6510-B9F0-43e3-A6AA-73FF22B35BE5":{"alphamode":0,"base_map":"png/64.png","color":{"a":0.0,"b":0.9176470637321472,"g":0.9176470637321472,"r":0.9176470637321472},"metallic":1.0,"name":"米白","nor_map":null,"roughness":1.0},"02E1B3EE-3DEC-4d44-8E5C-F32E6BFE80E9":{"alphamode":0,"base_map":"png/67.png","color":{"a":0.0,"b":0.49803921580314636,"g":0.49803921580314636,"r":0.49803921580314636},"metallic":1.0,"name":"黑色","nor_map":null,"roughness":1.0},"049A2AD8-A6E3-429f-804E-55B70F2D2CF8":{"alphamode":0,"base_map":null,"color":{"a":1.0,"b":0.3764705955982208,"g":0.8784313797950745,"r":0.125490203499794},"metallic":1.0,"name":"LG-空调冷水供水管","nor_map":null,"roughness":0.5},"09805F6A-E669-4a10-AA4D-22429BEC33AC":{"alphamode":0,"base_map":null,"color":{"a":1.0,"b":0.3764705955982208,"g":0.3764705955982208,"r":0.125490203499794},"metallic":1.0,"name":"Y-雨水管","nor_map":null,"roughness":0.5},"0985EDBA-F42C-4433-A892-B9A716E03201":{"alphamode":0,"base_map":null,"color":{"a":1.0,"b":0.3764705955982208,"g":0.125490203499794,"r":0.3764705955982208},"metallic":1.0,"name":"LH-空调冷水回水管","nor_map":null,"roughness":0.5},"0AB4B786-35E9-4bfc-85F6-B7704B7BA646":{"alphamode":0,"base_map":null,"color":{"a":0.0,"b":0.49803921580314636,"g":0.49803921580314636,"r":0.49803921580314636},"metallic":1.0,"name":"MaterialNode_8355711_0","nor_map":null,"roughness":1.0},"1B144E19-C69C-4957-9AB3-6AB6DF620E43":{"alphamode":0,"base_map":null,"color":{"a":1.0,"b":0.0,"g":0.0,"r":1.0},"metallic":1.0,"name":"P-XH-消火栓系统","nor_map":null,"roughness":0.5},"48B6B339-384B-42be-8635-8BC6651E6BCD":{"alphamode":0,"base_map":null,"color":{"a":1.0,"b":0.8588235378265381,"g":0.8745098114013672,"r":0.8784313797950745},"metallic":1.0,"name":"钣金原色","nor_map":null,"roughness":0.800000011920929},"5831172C-9AAB-4178-ACC6-861A0D60C28F":{"alphamode":0,"base_map":null,"color":{"a":1.0,"b":0.4000000059604645,"g":0.0,"r":0.9333333373069763},"metallic":1.0,"name":"PF-排风管","nor_map":null,"roughness":1.0},"6A6EEBFE-5E7A-4559-8F08-526C203588DD":{"alphamode":0,"base_map":"png/69.png","color":{"a":0.0,"b":0.49803921580314636,"g":0.49803921580314636,"r":0.49803921580314636},"metallic":1.0,"name":"黑色","nor_map":null,"roughness":1.0},"76CE3E9A-FB4E-4a96-9DA3-4538F64CE446":{"alphamode":0,"base_map":"png/65.png","color":{"a":0.0,"b":0.49803921580314636,"g":0.49803921580314636,"r":0.49803921580314636},"metallic":1.0,"name":"黑色","nor_map":null,"roughness":1.0},"78CE062B-E7CC-4194-ACF0-682F26114DCE":{"alphamode":0,"base_map":null,"color":{"a":1.0,"b":0.8999999761581421,"g":0.8999999761581421,"r":0.8980392217636108},"metallic":1.0,"name":"商标底材质","nor_map":null,"roughness":0.800000011920929},"7E764F14-E2AD-4c3c-AEFC-4024AC355C4F":{"alphamode":0,"base_map":"png/71.png","color":{"a":0.0,"b":0.49803921580314636,"g":0.49803921580314636,"r":0.49803921580314636},"metallic":1.0,"name":"黑色","nor_map":null,"roughness":1.0},"8977E404-59AA-4c67-8784-331EBBB766A9":{"alphamode":0,"base_map":null,"color":{"a":1.0,"b":0.062745101749897,"g":0.2705882489681244,"r":0.7058823704719543},"metallic":1.0,"name":"材质2","nor_map":null,"roughness":0.800000011920929},"AD6493F5-1155-488d-BDD7-F77602AB5E51":{"alphamode":0,"base_map":null,"color":{"a":1.0,"b":1.0,"g":0.0,"r":0.0},"metallic":1.0,"name":"材质1","nor_map":null,"roughness":0.800000011920929},"B466CE32-E6FC-49e8-BE8E-7A7C02743E18":{"alphamode":0,"base_map":"png/66.png","color":{"a":0.0,"b":0.9176470637321472,"g":0.9176470637321472,"r":0.9176470637321472},"metallic":1.0,"name":"米白","nor_map":null,"roughness":1.0},"C7A6FCAF-528F-43bf-BEFC-8DD0EB8E509C":{"alphamode":0,"base_map":null,"color":{"a":1.0,"b":1.0,"g":0.0,"r":0.0},"metallic":1.0,"name":"XF-新风管","nor_map":null,"roughness":1.0},"D594FFD3-B5C3-4b11-8B6B-43A68BEFC023":{"alphamode":0,"base_map":null,"color":{"a":1.0,"b":1.0,"g":0.0,"r":1.0},"metallic":1.0,"name":"ZP-自喷灭火给水管","nor_map":null,"roughness":0.5},"DF30D214-2B39-4c52-9B31-8950EF638750":{"alphamode":0,"base_map":null,"color":{"a":1.0,"b":0.0,"g":0.3333333432674408,"r":0.9333333373069763},"metallic":1.0,"name":"PY-消防排烟风管","nor_map":null,"roughness":1.0},"E11A8968-DD89-4748-84CC-CCB733D32CBE":{"alphamode":0,"base_map":null,"color":{"a":1.0,"b":0.0,"g":1.0,"r":0.0},"metallic":1.0,"name":"M-KT空调风系统","nor_map":null,"roughness":0.5},"E36E0916-6F4E-4fb2-8A0B-8A384DAA5AB2":{"alphamode":0,"base_map":"png/70.png","color":{"a":0.0,"b":0.9176470637321472,"g":0.9176470637321472,"r":0.9176470637321472},"metallic":1.0,"name":"米白","nor_map":null,"roughness":1.0},"F5D668B5-7CDB-4aa0-90FC-C9873CC95EED":{"alphamode":0,"base_map":"png/68.png","color":{"a":0.0,"b":0.9176470637321472,"g":0.9176470637321472,"r":0.9176470637321472},"metallic":1.0,"name":"米白","nor_map":null,"roughness":1.0}}