{"0669695F-D264-4371-AF25-10771F2640DD":{"alphamode":0,"base_map":"png/123.png","color":{"a":1.0,"b":0.3149999976158142,"g":0.3149999976158142,"r":0.3149999976158142},"metallic":1.0,"name":"TSP-XG-B1-21(甲)","nor_map":null,"roughness":0.5},"07614C46-659D-4241-B8F3-A8DC43F2CDD9":{"alphamode":0,"base_map":"png/111.png","color":{"a":1.0,"b":1.0,"g":1.0,"r":1.0},"metallic":1.0,"name":"TSP-XG-B1-23(甲面)","nor_map":null,"roughness":1.0},"0BA61420-2F72-488e-AA1F-C9C4F72F0B06":{"alphamode":0,"base_map":null,"color":{"a":1.0,"b":0.0,"g":0.05098039284348488,"r":0.0},"metallic":1.0,"name":"安全指示背景","nor_map":null,"roughness":0.5},"0BF89BB4-2646-4049-9BC6-BA56D7A2135A":{"alphamode":0,"base_map":"png/94.png","color":{"a":1.0,"b":0.8745098114013672,"g":0.8745098114013672,"r":0.8745098114013672},"metallic":1.0,"name":"灰麻花岗岩600x600","nor_map":null,"roughness":0.8799999952316284},"0E251048-E4F9-4341-8A28-5E5F9392F4CF":{"alphamode":0,"base_map":"png/99.png","color":{"a":1.0,"b":1.0,"g":1.0,"r":1.0},"metallic":1.0,"name":"TSP-QR-B1-14","nor_map":null,"roughness":0.5},"0EA1EBD6-FA0A-47cb-95F6-0F62ABF81FB9":{"alphamode":0,"base_map":"png/124.png","color":{"a":1.0,"b":1.0,"g":1.0,"r":1.0},"metallic":1.0,"name":"TSP-QR-B1-18","nor_map":null,"roughness":0.5},"136343EB-0A1E-49ac-A59A-1D29129F1714":{"alphamode":0,"base_map":"png/104.png","color":{"a":1.0,"b":1.0,"g":1.0,"r":1.0},"metallic":1.0,"name":"TSP-QR-B1-09","nor_map":null,"roughness":0.5},"1512D46F-81EC-4f7a-83B5-A8795F7224CD":{"alphamode":0,"base_map":null,"color":{"a":1.0,"b":0.0,"g":0.501960813999176,"r":1.0},"metallic":1.0,"name":"01-橙色铝合金板","nor_map":null,"roughness":0.0},"1625246D-1CD1-476f-8144-C68A66BE91D8":{"alphamode":0,"base_map":null,"color":{"a":1.0,"b":0.0,"g":0.0,"r":0.0},"metallic":1.0,"name":"黑色","nor_map":null,"roughness":0.5},"1B522C68-D047-4961-AD14-A7AA017DB72B":{"alphamode":0,"base_map":"png/96.png","color":{"a":1.0,"b":0.9854856133460999,"g":0.9856501817703247,"r":0.9856458902359009},"metallic":1.0,"name":"灯管外壳","nor_map":null,"roughness":0.0},"1D890C01-B1EE-4b21-A9BB-BE0E8FCCB5E6":{"alphamode":0,"base_map":null,"color":{"a":0.0,"b":0.0,"g":0.0,"r":0.4901960790157318},"metallic":1.0,"name":"金属-暗红","nor_map":null,"roughness":1.0},"1DCF2952-D00E-4630-9787-05E3AED8DF61":{"alphamode":0,"base_map":null,"color":{"a":0.0,"b":0.06666667014360428,"g":0.06666667014360428,"r":0.06666667014360428},"metallic":1.0,"name":"踢脚线","nor_map":null,"roughness":1.0},"21E88595-FA6C-444a-A870-7ABFB9965721":{"alphamode":0,"base_map":"png/118.png","color":{"a":1.0,"b":1.0,"g":1.0,"r":1.0},"metallic":1.0,"name":"TSP-QR-B1-29","nor_map":null,"roughness":0.5},"2412B1F7-0E36-4e52-BA01-8FBEBCA16385":{"alphamode":0,"base_map":null,"color":{"a":0.0,"b":1.0,"g":1.0,"r":1.0},"metallic":1.0,"name":"渲染材质 255-255-255","nor_map":null,"roughness":1.0},"252F9F47-2289-449f-8235-7FFCA9C7E82F":{"alphamode":0,"base_map":"png/126.png","color":{"a":1.0,"b":1.0,"g":1.0,"r":1.0},"metallic":1.0,"name":"TSP-XG-B1-20","nor_map":null,"roughness":0.5},"2813F13F-264B-410f-AF05-EC12F4DF26E7":{"alphamode":0,"base_map":null,"color":{"a":0.0,"b":0.239215686917305,"g":0.239215686917305,"r":0.239215686917305},"metallic":1.0,"name":"电视外壳","nor_map":null,"roughness":1.0},"2F36CBFD-7FED-4395-8556-06711C6F6B88":{"alphamode":0,"base_map":"png/120.png","color":{"a":1.0,"b":1.0,"g":1.0,"r":1.0},"metallic":1.0,"name":"TSP-XG-B1-22(甲面)","nor_map":null,"roughness":1.0},"321FA404-1B86-41c9-926C-BC6686F8C45B":{"alphamode":0,"base_map":null,"color":{"a":0.0,"b":0.929411768913269,"g":0.8196078538894653,"r":0.729411780834198},"metallic":1.0,"name":"冷水机组材质","nor_map":null,"roughness":1.0},"3375FAFF-459D-44e4-A6D8-1586D2B1967D":{"alphamode":0,"base_map":"png/125.png","color":{"a":1.0,"b":1.0,"g":1.0,"r":1.0},"metallic":1.0,"name":"TSP-XG-B1-19","nor_map":null,"roughness":0.5},"3605ED84-1FB2-4f67-B187-3F9455ECAAFB":{"alphamode":0,"base_map":null,"color":{"a":1.0,"b":1.0,"g":1.0,"r":1.0},"metallic":1.0,"name":"模型文字-白","nor_map":null,"roughness":0.5},"36366E34-707A-4a0c-921A-544B536107D7":{"alphamode":0,"base_map":"png/133.png","color":{"a":1.0,"b":1.0,"g":1.0,"r":1.0},"metallic":1.0,"name":"TSP-XG-B1-16（乙面）","nor_map":null,"roughness":0.5},"3678140B-12F6-4698-A541-0B742A0D6C27":{"alphamode":0,"base_map":"png/105.png","color":{"a":1.0,"b":1.0,"g":1.0,"r":1.0},"metallic":1.0,"name":"TSP-QR-B1-06","nor_map":null,"roughness":0.5},"3AA7DB9C-6E5C-4832-8506-ED2DF9CF6BD8":{"alphamode":0,"base_map":null,"color":{"a":1.0,"b":1.0,"g":0.21568627655506134,"r":0.21568627655506134},"metallic":1.0,"name":"读卡器-蓝色","nor_map":null,"roughness":0.5},"3B4AF12B-6EEF-434c-91F4-42776D25463D":{"alphamode":0,"base_map":null,"color":{"a":1.0,"b":0.0,"g":0.0,"r":0.0},"metallic":1.0,"name":"黑色","nor_map":null,"roughness":0.0},"3DA601CB-0267-49b4-AE52-D10A00A69B2E":{"alphamode":0,"base_map":"png/117.png","color":{"a":1.0,"b":1.0,"g":1.0,"r":1.0},"metallic":1.0,"name":"TSP-QR-B1-30","nor_map":null,"roughness":0.5},"3EA669AD-471F-4223-B64C-5F709FBED2D6":{"alphamode":0,"base_map":"png/108.png","color":{"a":1.0,"b":1.0,"g":1.0,"r":1.0},"metallic":1.0,"name":"TSP-QR-B1-02","nor_map":null,"roughness":0.5},"42255BE9-DE8B-4ad2-BD8E-59CF23080F22":{"alphamode":0,"base_map":null,"color":{"a":1.0,"b":0.7058823704719543,"g":0.7058823704719543,"r":0.7058823704719543},"metallic":1.0,"name":"CAD","nor_map":null,"roughness":1.0},"471EF332-BFF6-4c3d-9D6A-2EFD8289CB38":{"alphamode":0,"base_map":null,"color":{"a":1.0,"b":1.0,"g":1.0,"r":1.0},"metallic":1.0,"name":"01-白色铝板","nor_map":null,"roughness":0.3499999940395355},"4D403EA1-BF4D-4a57-9352-BA604AF5D2F5":{"alphamode":0,"base_map":null,"color":{"a":1.0,"b":0.9725490212440491,"g":0.9490196108818054,"r":0.9450980424880981},"metallic":1.0,"name":"25689","nor_map":null,"roughness":1.0},"4E9B5263-356D-4078-9F62-0D56283EB410":{"alphamode":0,"base_map":"png/132.png","color":{"a":1.0,"b":0.3149999976158142,"g":0.3149999976158142,"r":0.3149999976158142},"metallic":1.0,"name":"TSP-XG-B1-32(甲面)","nor_map":null,"roughness":0.5},"4FDB34DE-77E3-48b8-8D3A-8BF20437822F":{"alphamode":0,"base_map":"png/92.png","color":{"a":1.0,"b":0.6865993738174438,"g":0.6927269697189331,"r":0.708800196647644},"metallic":1.0,"name":"公共区踢脚","nor_map":null,"roughness":0.45227745175361633},"50136FEA-3192-4c00-B2A6-577DB9C7824A":{"alphamode":0,"base_map":"png/130.png","color":{"a":1.0,"b":1.0,"g":1.0,"r":1.0},"metallic":1.0,"name":"TSP-TM-B1-27","nor_map":null,"roughness":0.5},"55F2E99F-E483-4db5-9F22-8BF9F20AF8E4":{"alphamode":0,"base_map":"png/114.png","color":{"a":1.0,"b":1.0,"g":1.0,"r":1.0},"metallic":1.0,"name":"TSP-XG-B1-34","nor_map":null,"roughness":0.5},"5668446F-3085-44ea-94B2-1724FC31AEB6":{"alphamode":0,"base_map":"png/100.png","color":{"a":1.0,"b":1.0,"g":1.0,"r":1.0},"metallic":1.0,"name":"TSP-XG-B1-12","nor_map":null,"roughness":1.0},"58127213-1D72-448f-8AA0-C295656EEB74":{"alphamode":0,"base_map":null,"color":{"a":0.0,"b":1.0,"g":1.0,"r":0.501960813999176},"metallic":1.0,"name":"主体","nor_map":null,"roughness":1.0},"5A8A44D4-B13E-44d5-AC0E-FC0C93009879":{"alphamode":0,"base_map":null,"color":{"a":1.0,"b":0.501960813999176,"g":0.501960813999176,"r":0.501960813999176},"metallic":1.0,"name":"灰色盲道","nor_map":null,"roughness":0.20000000298023224},"6059091E-15D8-4661-BAA8-5E86233720BA":{"alphamode":0,"base_map":"png/106.png","color":{"a":1.0,"b":1.0,"g":1.0,"r":1.0},"metallic":1.0,"name":"TSP-QR-B1-05","nor_map":null,"roughness":0.5},"61ECDF26-1089-45ef-BD1D-88767FA2AF13":{"alphamode":0,"base_map":"png/109.png","color":{"a":1.0,"b":1.0,"g":1.0,"r":1.0},"metallic":1.0,"name":"TSP-XG-B1-03(乙面)","nor_map":null,"roughness":1.0},"6B7357DE-18AF-4dd0-9774-F2C6882FE1D0":{"alphamode":0,"base_map":"png/119.png","color":{"a":1.0,"b":1.0,"g":1.0,"r":1.0},"metallic":1.0,"name":"TSP-QR-B1-28","nor_map":null,"roughness":0.5},"6D31C36F-69BD-4da3-B63A-DADCA58DE925":{"alphamode":0,"base_map":"png/134.png","color":{"a":1.0,"b":1.0,"g":1.0,"r":1.0},"metallic":1.0,"name":"tsp-XG-B1-16(甲)","nor_map":null,"roughness":0.5},