{"049A2AD8-A6E3-429f-804E-55B70F2D2CF8":{"alphamode":0,"base_map":null,"color":{"a":1.0,"b":0.3764705955982208,"g":0.8784313797950745,"r":0.125490203499794},"metallic":1.0,"name":"LG-空调冷水供水管","nor_map":null,"roughness":0.5},"09805F6A-E669-4a10-AA4D-22429BEC33AC":{"alphamode":0,"base_map":null,"color":{"a":1.0,"b":0.3764705955982208,"g":0.3764705955982208,"r":0.125490203499794},"metallic":1.0,"name":"Y-雨水管","nor_map":null,"roughness":0.5},"0985EDBA-F42C-4433-A892-B9A716E03201":{"alphamode":0,"base_map":null,"color":{"a":1.0,"b":0.3764705955982208,"g":0.125490203499794,"r":0.3764705955982208},"metallic":1.0,"name":"LH-空调冷水回水管","nor_map":null,"roughness":0.5},"1B144E19-C69C-4957-9AB3-6AB6DF620E43":{"alphamode":0,"base_map":null,"color":{"a":1.0,"b":0.0,"g":0.0,"r":1.0},"metallic":1.0,"name":"P-XH-消火栓系统","nor_map":null,"roughness":0.5},"4C67CDF4-2E49-447e-B92E-258B9A6ED113":{"alphamode":0,"base_map":null,"color":{"a":1.0,"b":0.95686274766922,"g":0.95686274766922,"r":0.6274510025978088},"metallic":1.0,"name":"F-废水管","nor_map":null,"roughness":0.5},"5831172C-9AAB-4178-ACC6-861A0D60C28F":{"alphamode":0,"base_map":null,"color":{"a":1.0,"b":0.4000000059604645,"g":0.0,"r":0.9333333373069763},"metallic":1.0,"name":"PF-排风管","nor_map":null,"roughness":1.0},"C7A6FCAF-528F-43bf-BEFC-8DD0EB8E509C":{"alphamode":0,"base_map":null,"color":{"a":1.0,"b":1.0,"g":0.0,"r":0.0},"metallic":1.0,"name":"XF-新风管","nor_map":null,"roughness":1.0},"D594FFD3-B5C3-4b11-8B6B-43A68BEFC023":{"alphamode":0,"base_map":null,"color":{"a":1.0,"b":1.0,"g":0.0,"r":1.0},"metallic":1.0,"name":"ZP-自喷灭火给水管","nor_map":null,"roughness":0.5},"DBC25714-3E56-45b0-A3EA-1DAFF7642E98":{"alphamode":0,"base_map":"png/9.png","color":{"a":1.0,"b":0.9854856133460999,"g":0.9856501817703247,"r":0.9856458902359009},"metallic":1.0,"name":"HDPE","nor_map":null,"roughness":0.22540000081062317},"DF30D214-2B39-4c52-9B31-8950EF638750":{"alphamode":0,"base_map":null,"color":{"a":1.0,"b":0.0,"g":0.3333333432674408,"r":0.9333333373069763},"metallic":1.0,"name":"PY-消防排烟风管","nor_map":null,"roughness":1.0},"E11A8968-DD89-4748-84CC-CCB733D32CBE":{"alphamode":0,"base_map":null,"color":{"a":1.0,"b":0.0,"g":1.0,"r":0.0},"metallic":1.0,"name":"M-KT空调风系统","nor_map":null,"roughness":0.5},"E6647F1F-8DB5-4417-B4F8-F1CD986CA7BA":{"alphamode":0,"base_map":null,"color":{"a":1.0,"b":0.5333333611488342,"g":0.20000000298023224,"r":0.6000000238418579},"metallic":1.0,"name":"RJ-热水给水管","nor_map":null,"roughness":0.5}}