{"1625246D-1CD1-476f-8144-C68A66BE91D8":{"alphamode":0,"base_map":null,"color":{"a":1.0,"b":0.0,"g":0.0,"r":0.0},"metallic":1.0,"name":"黑色","nor_map":null,"roughness":0.5},"3605ED84-1FB2-4f67-B187-3F9455ECAAFB":{"alphamode":0,"base_map":null,"color":{"a":1.0,"b":1.0,"g":1.0,"r":1.0},"metallic":1.0,"name":"模型文字-白","nor_map":null,"roughness":0.5},"CD1267DA-13C6-4b55-8E6C-DA4B62FAED8C":{"alphamode":0,"base_map":null,"color":{"a":1.0,"b":0.3149999976158142,"g":0.3149999976158142,"r":0.3149999976158142},"metallic":1.0,"name":"白色塑料","nor_map":null,"roughness":0.5},"F43BA56C-4E02-4e60-816C-9BD9EE2AB53A":{"alphamode":2,"base_map":null,"color":{"a":0.25,"b":1.0,"g":0.8235294222831726,"r":0.8235294222831726},"metallic":1.0,"name":"屏幕","nor_map":null,"roughness":1.0},"FE544731-6E1B-4286-A5A9-15BDFC199E21":{"alphamode":0,"base_map":null,"color":{"a":0.0,"b":0.1764705926179886,"g":0.1764705926179886,"r":0.1764705926179886},"metallic":1.0,"name":"深灰","nor_map":null,"roughness":1.0}}