{"07710DE7-E0B6-4a2a-AB49-57583F5D0C81":{"alphamode":0,"base_map":null,"color":{"a":1.0,"b":0.9649999737739563,"g":0.9959999918937683,"r":1.0},"metallic":1.0,"name":"分水器","nor_map":null,"roughness":0.5},"0B6D62C5-B5CE-4f84-A719-F75B9822AE01":{"alphamode":0,"base_map":"png/76.png","color":{"a":0.0,"b":0.47058823704719543,"g":0.47058823704719543,"r":0.47058823704719543},"metallic":1.0,"name":"黑色","nor_map":null,"roughness":1.0},"0EB7F057-B9F6-4262-9B9B-595E7A43004F":{"alphamode":0,"base_map":"png/72.png","color":{"a":1.0,"b":0.6000000238418579,"g":0.6000000238418579,"r":0.6000000238418579},"metallic":1.0,"name":"镀锌钢板","nor_map":null,"roughness":0.6000000238418579},"25ABA619-1884-4fb8-B368-B0304D072372":{"alphamode":0,"base_map":null,"color":{"a":0.0,"b":0.8980392217636108,"g":0.9176470637321472,"r":0.95686274766922},"metallic":1.0,"name":"阀柄","nor_map":null,"roughness":1.0},"31617BCA-247C-4e5b-9D89-D8C721C88DDF":{"alphamode":0,"base_map":null,"color":{"a":1.0,"b":1.0,"g":0.3333333432674408,"r":1.0},"metallic":1.0,"name":"材质2","nor_map":null,"roughness":0.800000011920929},"321FA404-1B86-41c9-926C-BC6686F8C45B":{"alphamode":0,"base_map":null,"color":{"a":0.0,"b":0.929411768913269,"g":0.8196078538894653,"r":0.729411780834198},"metallic":1.0,"name":"冷水机组材质","nor_map":null,"roughness":1.0},"4168B887-FB2C-4053-ADAE-F441718CB68D":{"alphamode":0,"base_map":null,"color":{"a":0.0,"b":0.16470588743686676,"g":0.16470588743686676,"r":0.16470588743686676},"metallic":1.0,"name":"塑料，不透明的黑色","nor_map":null,"roughness":1.0},"463953F5-BD33-4795-BD3C-9669BCAD21E0":{"alphamode":0,"base_map":"png/73.png","color":{"a":1.0,"b":0.2862745225429535,"g":0.3294117748737335,"r":0.33725491166114807},"metallic":1.0,"name":"基础","nor_map":null,"roughness":0.6000000238418579},"4823700F-4220-44e9-A625-3A5E67172846":{"alphamode":0,"base_map":null,"color":{"a":0.0,"b":0.95686274766922,"g":0.95686274766922,"r":0.95686274766922},"metallic":1.0,"name":"M_安检台材质","nor_map":null,"roughness":1.0},"5015959B-35A6-4840-A37D-DC8F2B93B3BA":{"alphamode":0,"base_map":null,"color":{"a":1.0,"b":0.3137255012989044,"g":1.0,"r":0.0},"metallic":1.0,"name":"小系统-补风","nor_map":null,"roughness":0.5},"53576183-BC70-4112-9F2B-644DAF8B85CB":{"alphamode":0,"base_map":"png/75.png","color":{"a":1.0,"b":0.6391897797584534,"g":0.6389654278755188,"r":0.6389564871788025},"metallic":1.0,"name":"钢，镀锌，银色","nor_map":null,"roughness":1.0},"58127213-1D72-448f-8AA0-C295656EEB74":{"alphamode":0,"base_map":null,"color":{"a":0.0,"b":1.0,"g":1.0,"r":0.501960813999176},"metallic":1.0,"name":"主体","nor_map":null,"roughness":1.0},"59EB9C3E-2B3E-4f61-8480-04CDACBF5525":{"alphamode":0,"base_map":null,"color":{"a":1.0,"b":0.0,"g":0.5411764979362488,"r":0.0},"metallic":1.0,"name":"小系统-送风","nor_map":null,"roughness":0.5},"626BEBCC-B568-45a2-A454-B1B2280C40FF":{"alphamode":0,"base_map":null,"color":{"a":1.0,"b":0.23529411852359772,"g":0.529411792755127,"r":0.0},"metallic":1.0,"name":"标志红","nor_map":null,"roughness":0.3499999940395355},"689FD89D-FDD5-4883-8467-FA5B4CB83FA5":{"alphamode":0,"base_map":null,"color":{"a":1.0,"b":0.0,"g":0.501960813999176,"r":1.0},"metallic":1.0,"name":"小系统-排风","nor_map":null,"roughness":0.5},"73511BFA-7F8F-4b1a-BF80-4DB0E6F2ABDA":{"alphamode":0,"base_map":null,"color":{"a":1.0,"b":0.5058823823928833,"g":0.5058823823928833,"r":0.7529411911964417},"metallic":1.0,"name":"螺母","nor_map":null,"roughness":0.7699999809265137},"881FD216-67F3-4ffb-BE5C-03ADA53A59FC":{"alphamode":0,"base_map":null,"color":{"a":0.0,"b":0.0,"g":0.0,"r":0.0},"metallic":1.0,"name":"塑料","nor_map":null,"roughness":1.0},"8D17BAD0-22C4-48a8-A661-8B5903095E50":{"alphamode":0,"base_map":null,"color":{"a":1.0,"b":0.6980392336845398,"g":0.6980392336845398,"r":0.6980392336845398},"metallic":1.0,"name":"散热片","nor_map":null,"roughness":0.5},"8E6C4495-72E5-46a9-BF21-4B92B8684C06":{"alphamode":0,"base_map":null,"color":{"a":1.0,"b":0.8999999761581421,"g":0.8999999761581421,"r":0.8980392217636108},"metallic":1.0,"name":"商标底材质","nor_map":null,"roughness":0.800000011920929},"9A5AEC48-278A-4d70-9A86-B490F7EFAA33":{"alphamode":0,"base_map":null,"color":{"a":0.0,"b":0.7254902124404907,"g":0.7333333492279053,"r":0.7411764860153198},"metallic":1.0,"name":"发纹不锈钢","nor_map":null,"roughness":1.0},"A16DB8C1-DE64-4105-848C-34499EFEF1AF":{"alphamode":0,"base_map":null,"color":{"a":1.0,"b":0.0,"g":1.0,"r":0.0},"metallic":1.0,"name":"绿色","nor_map":null,"roughness":0.699999988079071},"A3F04FBA-797D-4c1a-B49A-55CFC7E3FCB5":{"alphamode":0,"base_map":null,"color":{"a":1.0,"b":0.25,"g":0.25,"r":0.25},"metallic":1.0,"name":"橡胶，黑色","nor_map":null,"roughness":0.75},"A6E22917-0E6D-4537-A071-B158B16370BF":{"alphamode":0,"base_map":null,"color":{"a":0.0,"b":0.7137255072593689,"g":0.8823529481887817,"r":0.9686274528503418},"metallic":1.0,"name":"冷水机组","nor_map":null,"roughness":1.0},"A8189127-1CB7-49df-AEB6-AB4FE418B28E":{"alphamode":0,"base_map":null,"color":{"a":1.0,"b":0.0,"g":0.0,"r":1.0},"metallic":1.0,"name":"银白金属","nor_map":null,"roughness":0.5},"B22D4F70-4B6E-4828-B512-F61D1ED2525E":{"alphamode":0,"base_map":"png/74.png","color":{"a":1.0,"b":0.6391897797584534,"g":0.6389654278755188,"r":0.6389564871788025},"metallic":1.0,"name":"钢，镀锌","nor_map":null,"roughness":1.0},"B49587B3-26D1-42ed-A2C6-108BF9FD7DD6":{"alphamode":0,"base_map":null,"color":{"a":0.0,"b":0.501960813999176,"g":1.0,"r":1.0},"metallic":1.0,"name":"小系统-排烟","nor_map":null,"roughness":1.0},"BAC2CC99-2AB6-428d-86B4-02B8BA333CC6":{"alphamode":0,"base_map":null,"color":{"a":0.0,"b":0.0,"g":0.0,"r":1.0},"metallic":1.0,"name":"渲染材质 255-255-255(1)","nor_map":null,"roughness":1.0},"BDFDE9BA-C688-438b-B5C1-B596F135B811":{"alphamode":0,"base_map":"png/71.png","color":{"a":1.0,"b":0.6000000238418579,"g":0.6000000238418579,"r":0.6000000238418579},"metallic":1.0,"name":"底座","nor_map":null,"roughness":0.6000000238418579},"C1578977-86E7-4a9f-B285-B46BCF9453BC":{"alphamode":0,"base_map":null,"color":{"a":0.0,"b":0.49803921580314636,"g":0.49803921580314636,"r":0.49803921580314636},"metallic":1.0,"name":"MaterialNode_8355711_0","nor_map":null,"roughness":1.0},"C74AB533-23E4-4782-8EAF-6F30AB0884B4":{"alphamode":0,"base_map":null,"color":{"a":0.0,"b":0.5176470875740051,"g":0.27843138575553894,"r":0.11764705926179886},"metallic":1.0,"name":"机组材质","nor_map":null,"roughness":1.0},"CD1267DA-13C6-4b55-8E6C-DA4B62FAED8C":{"alphamode":0,"base_map":null,"color":{"a":1.0,"b":0.3149999976158142,"g":0.3149999976158142,"r":0.3149999976158142},"metallic":1.0,"name":"白色塑料","nor_map":null,"roughness":0.5},"D2F96BA8-A5A2-4eff-849D-1202B6D457AF":{"alphamode":0,"base_map":null,"color":{"a":1.0,"b":1.0,"g":0.0,"r":0.0},"metallic":1.0,"name":"材质1","nor_map":null,"roughness":0.800000011920929},"D41C9298-6212-43d7-B287-5BFEAF8CE405":{"alphamode":0,"base_map":null,"color":{"a":1.0,"b":0.6000000238418579,"g":0.6000000238418579,"r":0.0},"metallic":1.0,"name":"冷冻水回水系统","nor_map":null,"roughness":0.5},"D9A5075A-0C13-436c-A294-4BE46A1DEC46":{"alphamode":0,"base_map":null,"color":{"a":0.0,"b":0.47058823704719543,"g":0.47058823704719543,"r":0.47058823704719543},"metallic":1.0,"name":"不锈钢","nor_map":null,"roughness":1.0},"DA8953C3-4F52-4aa9-B054-5C862450652C":{"alphamode":0,"base_map":null,"color":{"a":1.0,"b":0.6666666865348816,"g":0.11764705926179886,"r":0.0},"metallic":1.0,"name":"冷却水供水系统","nor_map":null,"roughness":0.5},"DED92C2D-52B3-4b4b-884A-B760F38EE5C5":{"alphamode":0,"base_map":null,"color":{"a":0.0,"b":1.0,"g":0.0,"r":1.0},"metallic":1.0,"name":"大系统-回风","nor_map":null,"roughness":1.0},"E1D60F1A-D551-4a87-8198-59F560C485E8":{"alphamode":0,"base_map":null,"color":{"a":0.0,"b":0.12941177189350128,"g":0.6392157077789307,"r":0.8470588326454163},"metallic":1.0,"name":"电子膨胀阀材质","nor_map":null,"roughness":1.0},"F5B6EC30-77A4-4dc6-8CBA-DAF043F006DF":{"alphamode":0,"base_map":null,"color":{"a":1.0,"b":0.6431372761726379,"g":0.6431372761726379,"r":0.6431372761726379},"metallic":1.0,"name":"黑色玻璃","nor_map":null,"roughness":0.17000000178813934}}