{"157DAD1D-3114-4522-86A3-76B5582167D5":{"alphamode":0,"base_map":null,"color":{"a":0.0,"b":0.7529411911964417,"g":0.7529411911964417,"r":0.7529411911964417},"metallic":1.0,"name":"混凝土，现场浇注 - C35","nor_map":null,"roughness":1.0},"3D5B1338-7000-4c30-B0D0-457BC82AE815":{"alphamode":0,"base_map":null,"color":{"a":0.0,"b":0.9686274528503418,"g":0.9686274528503418,"r":0.9686274528503418},"metallic":1.0,"name":"金属 - 钢 Q345 B","nor_map":null,"roughness":1.0},"F281C138-B665-46a2-B98C-3D8B22B1C1A0":{"alphamode":0,"base_map":null,"color":{"a":0.0,"b":0.49803921580314636,"g":0.49803921580314636,"r":0.49803921580314636},"metallic":1.0,"name":"MaterialNode_8355711_0","nor_map":null,"roughness":1.0}}