{"3DD94E52-8807-4364-8CFD-DFDB19DDA1E0":{"alphamode":0,"base_map":null,"color":{"a":0.0,"b":0.1764705926179886,"g":0.1764705926179886,"r":0.1764705926179886},"metallic":1.0,"name":"踏步","nor_map":null,"roughness":0.5},"743DBB4C-D761-4a29-90FC-668D0C6E6FB1":{"alphamode":0,"base_map":null,"color":{"a":1.0,"b":0.8117647171020508,"g":0.7882353067398071,"r":0.7686274647712708},"metallic":1.0,"name":"不锈钢","nor_map":null,"roughness":0.4000000059604645},"8C1F3761-CB6E-4031-B750-24629B16993A":{"alphamode":0,"base_map":null,"color":{"a":0.0,"b":0.05882352963089943,"g":0.05882352963089943,"r":0.05882352963089943},"metallic":1.0,"name":"黑色扶梯扶手","nor_map":null,"roughness":1.0},"A70F443E-0834-4186-B02A-6D47D7C2CDF9":{"alphamode":0,"base_map":null,"color":{"a":1.0,"b":0.05882352963089943,"g":0.05882352963089943,"r":0.05882352963089943},"metallic":1.0,"name":"黑色扶梯扶手","nor_map":null,"roughness":1.0},"C5F2E2B0-6812-4384-9A45-1ADE26F744C2":{"alphamode":0,"base_map":null,"color":{"a":1.0,"b":0.18029339611530304,"g":0.18029339611530304,"r":0.18029339611530304},"metallic":1.0,"name":"踏步","nor_map":null,"roughness":0.5},"D6553093-FE1D-42f1-A74C-3DC50BDFE10C":{"alphamode":2,"base_map":null,"color":{"a":0.30000001192092896,"b":0.8509804010391235,"g":0.6509804129600525,"r":0.45098039507865906},"metallic":1.0,"name":"玻璃","nor_map":null,"roughness":0.20000000298023224}}