{"2F798557-5655-44f2-B88D-9569539CAC42":{"alphamode":0,"base_map":null,"color":{"a":1.0,"b":0.13333334028720856,"g":0.13333334028720856,"r":0.13333334028720856},"metallic":1.0,"name":"黑色铸铁","nor_map":null,"roughness":0.22540335357189178},"3A8FB206-2C60-4c64-B5CD-C92FD3C26C42":{"alphamode":2,"base_map":null,"color":{"a":0.10000000149011612,"b":0.09803921729326248,"g":0.09803921729326248,"r":0.7490196228027344},"metallic":1.0,"name":"龙头急停按钮-红塑料","nor_map":null,"roughness":1.0},"B6A7B050-8963-49a9-B6C6-AE63E91080F7":{"alphamode":0,"base_map":null,"color":{"a":1.0,"b":0.9529412388801575,"g":0.9529412388801575,"r":0.9529412388801575},"metallic":1.0,"name":"螺栓","nor_map":null,"roughness":0.22540335357189178},"C6D8CF34-C9B8-4d06-AE26-6A1E712BF47B":{"alphamode":0,"base_map":"png/70.png","color":{"a":1.0,"b":0.23529411852359772,"g":0.23529411852359772,"r":0.23529411852359772},"metallic":1.0,"name":"梯级-黑色铝","nor_map":null,"roughness":0.4699999988079071},"C76A15C5-025D-4b34-834A-16ECCA0B0525":{"alphamode":0,"base_map":null,"color":{"a":1.0,"b":0.7843137979507446,"g":0.7843137979507446,"r":0.7843137979507446},"metallic":1.0,"name":"护壁板-不锈钢304","nor_map":null,"roughness":0.2928932309150696},"CD1267DA-13C6-4b55-8E6C-DA4B62FAED8C":{"alphamode":0,"base_map":null,"color":{"a":1.0,"b":0.3149999976158142,"g":0.3149999976158142,"r":0.3149999976158142},"metallic":1.0,"name":"白色塑料","nor_map":null,"roughness":0.5},"E9D77C0A-7515-4fd1-871E-D9ADDA98A320":{"alphamode":2,"base_map":null,"color":{"a":0.15000000596046448,"b":0.09803921729326248,"g":0.8980392217636108,"r":0.8980392217636108},"metallic":1.0,"name":"龙头急停按钮-黄塑料","nor_map":null,"roughness":1.0}}