{"2A5002B5-E3C0-4bcd-8434-16CAD1EB37B1":{"alphamode":0,"base_map":null,"color":{"a":0.0,"b":1.0,"g":0.6470588445663452,"r":0.29019609093666077},"metallic":1.0,"name":"钢，油漆面层，蓝色","nor_map":null,"roughness":1.0},"2AC05642-10F7-475f-B0BF-42B4124503AA":{"alphamode":0,"base_map":null,"color":{"a":1.0,"b":0.7843137979507446,"g":0.7843137979507446,"r":0.7843137979507446},"metallic":1.0,"name":"低压柜抽屉","nor_map":null,"roughness":0.36754000186920166},"2EFBBBE5-5E37-4907-B66C-161EEB9BECDE":{"alphamode":0,"base_map":null,"color":{"a":1.0,"b":0.0,"g":1.0,"r":0.0},"metallic":1.0,"name":"绿灯","nor_map":null,"roughness":0.699999988079071},"3C4ED682-28B4-46bb-9BEC-6C908644F6E1":{"alphamode":0,"base_map":null,"color":{"a":0.0,"b":0.48627451062202454,"g":0.0,"r":0.0},"metallic":1.0,"name":"钢","nor_map":null,"roughness":1.0},"42091DCC-1505-4c15-8951-E35A30D7DDF9":{"alphamode":0,"base_map":"png/1.png","color":{"a":0.0,"b":0.47058823704719543,"g":0.47058823704719543,"r":0.47058823704719543},"metallic":1.0,"name":"塑料外壳-灰色","nor_map":null,"roughness":1.0},"420DBDF5-BE24-43ad-95E6-8C204E429922":{"alphamode":0,"base_map":null,"color":{"a":0.0,"b":0.95686274766922,"g":0.95686274766922,"r":0.95686274766922},"metallic":1.0,"name":"HS-白色","nor_map":null,"roughness":1.0},"4BF70A5F-3B80-4c4a-BAC1-965CDC47A71F":{"alphamode":0,"base_map":null,"color":{"a":0.0,"b":0.47058823704719543,"g":0.47058823704719543,"r":0.47058823704719543},"metallic":1.0,"name":"玻璃，透明玻璃，低 E","nor_map":null,"roughness":1.0},"549BC4C5-1986-4fb1-B7B0-A98B2E3A16BB":{"alphamode":0,"base_map":null,"color":{"a":1.0,"b":0.0,"g":0.0,"r":1.0},"metallic":1.0,"name":"红灯","nor_map":null,"roughness":0.699999988079071},"5568BD28-DDCA-4cc3-9FB2-855AF0E6C17E":{"alphamode":0,"base_map":null,"color":{"a":0.0,"b":0.0,"g":0.0,"r":0.0},"metallic":1.0,"name":"纸","nor_map":null,"roughness":1.0},"594DE159-49C1-44a0-A95E-DF0BDB2A133B":{"alphamode":2,"base_map":null,"color":{"a":0.25,"b":0.8235294222831726,"g":0.7686274647712708,"r":0.6352941393852234},"metallic":1.0,"name":"玻璃","nor_map":null,"roughness":1.0},"5D73E3CE-E2AF-467d-A32F-B6E762BCA5BD":{"alphamode":0,"base_map":null,"color":{"a":0.0,"b":0.20000000298023224,"g":0.20000000298023224,"r":1.0},"metallic":1.0,"name":"瓷器，亚麻","nor_map":null,"roughness":1.0},"67AD2D6A-AACD-443f-970F-B244161F5AA6":{"alphamode":0,"base_map":null,"color":{"a":1.0,"b":0.7843138575553894,"g":0.7843138575553894,"r":0.7843138575553894},"metallic":1.0,"name":"铝 5052-H38","nor_map":null,"roughness":0.46875},"7532264D-7032-4c50-BA34-6EC46300F0A2":{"alphamode":0,"base_map":null,"color":{"a":0.0,"b":0.9372549057006836,"g":0.9686274528503418,"r":0.9686274528503418},"metallic":1.0,"name":"钢，油漆面层，象牙白，有光泽","nor_map":null,"roughness":1.0},"9393B721-6224-4188-A46D-E0D46D4CE132":{"alphamode":0,"base_map":"png/3.png","color":{"a":0.0,"b":0.47058823704719543,"g":0.47058823704719543,"r":0.47058823704719543},"metallic":1.0,"name":"镀锌钢板","nor_map":null,"roughness":1.0},"BA656E4D-3719-4ae3-BB41-8D5752B2FF76":{"alphamode":0,"base_map":null,"color":{"a":1.0,"b":0.3149999976158142,"g":0.3149999976158142,"r":0.3149999976158142},"metallic":1.0,"name":"1","nor_map":null,"roughness":0.5},"C27BB6D8-0467-4706-B8C9-7E5A913FD16D":{"alphamode":0,"base_map":"png/2.png","color":{"a":0.0,"b":0.47058823704719543,"g":0.47058823704719543,"r":0.47058823704719543},"metallic":1.0,"name":"低压柜塑料","nor_map":null,"roughness":1.0},"E10D8428-4EE3-43f8-BC98-4053DAC2D62D":{"alphamode":0,"base_map":null,"color":{"a":0.0,"b":0.49803921580314636,"g":0.49803921580314636,"r":0.49803921580314636},"metallic":1.0,"name":"MaterialNode_8355711_0","nor_map":null,"roughness":1.0},"E926A816-2121-4111-BF32-38EBA669625B":{"alphamode":0,"base_map":"png/0.png","color":{"a":0.0,"b":0.47058823704719543,"g":0.47058823704719543,"r":0.47058823704719543},"metallic":1.0,"name":"塑料外壳","nor_map":null,"roughness":1.0},"FC12FEE9-F424-4e0a-821F-96E3AA2F97DE":{"alphamode":0,"base_map":null,"color":{"a":1.0,"b":0.0,"g":0.550000011920929,"r":1.0},"metallic":1.0,"name":"黄灯","nor_map":null,"roughness":0.699999988079071}}