{"02794AB5-13CD-4c92-9811-CF1CF215EAB5":{"alphamode":0,"base_map":"png/138.png","color":{"a":1.0,"b":0.6865993738174438,"g":0.6927269697189331,"r":0.708800196647644},"metallic":1.0,"name":"公共区踢脚","nor_map":null,"roughness":0.45227745175361633},"0F279673-2AB3-41fd-902C-CB942AAE6B8A":{"alphamode":0,"base_map":null,"color":{"a":1.0,"b":1.0,"g":1.0,"r":1.0},"metallic":1.0,"name":"01-白色铝板","nor_map":null,"roughness":0.41999998688697815},"1D890C01-B1EE-4b21-A9BB-BE0E8FCCB5E6":{"alphamode":0,"base_map":null,"color":{"a":0.0,"b":0.0,"g":0.0,"r":0.4901960790157318},"metallic":1.0,"name":"金属-暗红","nor_map":null,"roughness":1.0},"22556929-DF66-49ad-9062-D763ED83998B":{"alphamode":0,"base_map":"png/139.png","color":{"a":1.0,"b":0.9854856133460999,"g":0.9856501817703247,"r":0.9856458902359009},"metallic":1.0,"name":"文字-白","nor_map":null,"roughness":0.22540000081062317},"2412B1F7-0E36-4e52-BA01-8FBEBCA16385":{"alphamode":0,"base_map":null,"color":{"a":0.0,"b":1.0,"g":1.0,"r":1.0},"metallic":1.0,"name":"渲染材质 255-255-255","nor_map":null,"roughness":1.0},"31272A80-7B9B-4ed2-8F71-2AAC6DCBC5B9":{"alphamode":2,"base_map":null,"color":{"a":0.25,"b":1.0,"g":0.0,"r":0.0},"metallic":1.0,"name":"玻璃\\半透明","nor_map":null,"roughness":1.0},"3BEB4EA3-074A-42e6-ADAC-17EE92275458":{"alphamode":0,"base_map":"png/135.png","color":{"a":1.0,"b":0.6352941393852234,"g":0.6352941393852234,"r":0.6352941393852234},"metallic":1.0,"name":"防静电砖","nor_map":null,"roughness":1.0},"65DFA52F-E707-4dcb-9618-D787605413A8":{"alphamode":0,"base_map":"png/136.png","color":{"a":1.0,"b":0.28736060857772827,"g":0.2872846722602844,"r":0.2872890830039978},"metallic":1.0,"name":"水磨石","nor_map":null,"roughness":1.0},"6D491BCA-02A2-4783-A02C-25C39CF75ED5":{"alphamode":0,"base_map":null,"color":{"a":1.0,"b":0.49803921580314636,"g":0.49803921580314636,"r":0.49803921580314636},"metallic":1.0,"name":"127-127-127","nor_map":null,"roughness":0.5},"8119E257-224C-44de-BF14-4628B4357539":{"alphamode":0,"base_map":null,"color":{"a":1.0,"b":0.0,"g":1.0,"r":1.0},"metallic":1.0,"name":"门套","nor_map":null,"roughness":0.5},"82AEFB5F-7878-45c2-AD39-B8FE05EA4D86":{"alphamode":0,"base_map":"png/137.png","color":{"a":1.0,"b":0.501960813999176,"g":0.48627451062202454,"r":0.45098039507865906},"metallic":1.0,"name":"玻化砖","nor_map":null,"roughness":1.0},"9D94511E-A7FE-4497-B141-9AE7E661BF16":{"alphamode":0,"base_map":null,"color":{"a":0.0,"b":0.09019608050584793,"g":0.10588235408067703,"r":0.8352941274642944},"metallic":1.0,"name":"内外涂环氧复合钢管","nor_map":null,"roughness":1.0},"B2F202CB-7E67-4d0b-AE69-309F74D4F20C":{"alphamode":2,"base_map":null,"color":{"a":1.0,"b":0.8999999761581421,"g":0.8999999761581421,"r":0.8999999761581421},"metallic":1.0,"name":"空气","nor_map":null,"roughness":0.5199999809265137},"E51DA651-BC62-409e-82B1-4ED98188DE0F":{"alphamode":0,"base_map":null,"color":{"a":0.0,"b":0.03529411926865578,"g":0.03529411926865578,"r":0.03529411926865578},"metallic":1.0,"name":"花岗石","nor_map":null,"roughness":1.0}}