{"157DAD1D-3114-4522-86A3-76B5582167D5":{"alphamode":0,"base_map":null,"color":{"a":0.0,"b":0.7529411911964417,"g":0.7529411911964417,"r":0.7529411911964417},"metallic":1.0,"name":"混凝土，现场浇注 - C35","nor_map":null,"roughness":1.0},"19A8854D-0C92-4680-BB91-56D91816EAF3":{"alphamode":0,"base_map":null,"color":{"a":0.0,"b":0.800000011920929,"g":0.4000000059604645,"r":0.20000000298023224},"metallic":1.0,"name":"STEEL/Q345B 27615","nor_map":null,"roughness":1.0},"72CA2F42-AEFD-45d4-9E52-2BD797959F86":{"alphamode":0,"base_map":null,"color":{"a":0.0,"b":0.8980392217636108,"g":0.4000000059604645,"r":0.800000011920929},"metallic":1.0,"name":"STEEL/Q345B 151210","nor_map":null,"roughness":1.0},"74FA165E-B560-4be0-AFF0-95969A43A567":{"alphamode":2,"base_map":null,"color":{"a":0.25,"b":1.0,"g":0.0,"r":0.0},"metallic":1.0,"name":"默认体量天窗","nor_map":null,"roughness":1.0},"7F07DE01-DC45-477b-9262-47B8D1D262AB":{"alphamode":0,"base_map":null,"color":{"a":0.0,"b":0.800000011920929,"g":0.6980392336845398,"r":0.0},"metallic":1.0,"name":"STEEL/Q345B 3923","nor_map":null,"roughness":1.0},"82CEA860-16E6-4a6c-9392-83810B00BAD3":{"alphamode":2,"base_map":null,"color":{"a":0.36000001430511475,"b":0.0,"g":0.6470588445663452,"r":1.0},"metallic":1.0,"name":"IfcOpeningElement","nor_map":null,"roughness":1.0},"AD92E57E-DDEC-4def-87B2-702EAA4AB8B5":{"alphamode":0,"base_map":null,"color":{"a":0.0,"b":0.6000000238418579,"g":0.6000000238418579,"r":0.6000000238418579},"metallic":1.0,"name":"STEEL/Q345B","nor_map":null,"roughness":1.0},"C29F2837-DA19-45ec-9F1B-9A552D124CC7":{"alphamode":0,"base_map":null,"color":{"a":0.0,"b":0.0,"g":0.3019607961177826,"r":0.6000000238418579},"metallic":1.0,"name":"Undefined 28081","nor_map":null,"roughness":1.0},"C43201F4-90AE-47f8-89A1-151F9EA09F64":{"alphamode":0,"base_map":null,"color":{"a":0.0,"b":0.3019607961177826,"g":0.8980392217636108,"r":0.3019607961177826},"metallic":1.0,"name":"STEEL/Q345B 7553","nor_map":null,"roughness":1.0},"D613FF68-5C58-49a1-83E2-370888B2F916":{"alphamode":0,"base_map":null,"color":{"a":0.0,"b":0.0,"g":0.0,"r":0.0},"metallic":1.0,"name":"不锈钢","nor_map":null,"roughness":1.0},"D69A695E-864F-4a0e-8805-7D5C7BFE790B":{"alphamode":0,"base_map":null,"color":{"a":0.0,"b":0.0,"g":0.0,"r":0.8980392217636108},"metallic":1.0,"name":"STEEL/Q345B 8231","nor_map":null,"roughness":1.0},"F281C138-B665-46a2-B98C-3D8B22B1C1A0":{"alphamode":0,"base_map":null,"color":{"a":0.0,"b":0.49803921580314636,"g":0.49803921580314636,"r":0.49803921580314636},"metallic":1.0,"name":"MaterialNode_8355711_0","nor_map":null,"roughness":1.0},"F880E516-396F-4edd-BC90-43CB186EAAE2":{"alphamode":0,"base_map":null,"color":{"a":0.0,"b":0.8980392217636108,"g":0.3019607961177826,"r":0.0},"metallic":1.0,"name":"STEEL/Q345B 1492","nor_map":null,"roughness":1.0}}