{"06C984DF-3EB0-4bd9-87C1-F09D41FCD6A4":{"alphamode":0,"base_map":"png/61.png","color":{"a":1.0,"b":0.501960813999176,"g":0.501960813999176,"r":0.501960813999176},"metallic":1.0,"name":"地砖 - 600 x 600","nor_map":null,"roughness":0.15000000596046448},"1D1AB09D-EE76-4691-BEA2-5B8A44D63EA8":{"alphamode":0,"base_map":null,"color":{"a":0.0,"b":0.9372549057006836,"g":0.9372549057006836,"r":0.9254902005195618},"metallic":1.0,"name":"金属 - 不锈钢，抛光","nor_map":null,"roughness":1.0},"B941C4E2-54F6-45da-BB5D-276CAF50C0A6":{"alphamode":0,"base_map":"png/62.png","color":{"a":1.0,"b":0.6865993738174438,"g":0.6927269697189331,"r":0.708800196647644},"metallic":1.0,"name":"花岗岩，挖方，抛光","nor_map":null,"roughness":0.20000000298023224},"BCB4B637-4ECE-4972-A5B0-75E7ED22F86A":{"alphamode":2,"base_map":null,"color":{"a":0.15000000596046448,"b":0.9372549057006836,"g":0.9411764740943909,"r":0.9254902005195618},"metallic":1.0,"name":"玻璃","nor_map":null,"roughness":1.0},"C1578977-86E7-4a9f-B285-B46BCF9453BC":{"alphamode":0,"base_map":null,"color":{"a":0.0,"b":0.49803921580314636,"g":0.49803921580314636,"r":0.49803921580314636},"metallic":1.0,"name":"MaterialNode_8355711_0","nor_map":null,"roughness":1.0},"C29D9822-8033-4e94-9F1F-7840E25D0F6D":{"alphamode":0,"base_map":"png/60.png","color":{"a":1.0,"b":0.8925338983535767,"g":0.8958778381347656,"r":0.8969359993934631},"metallic":1.0,"name":"天花板 - 扣板 600 x 1200mm","nor_map":null,"roughness":1.0},"C7DD8413-F8CB-4e20-8F0E-595D598E9042":{"alphamode":0,"base_map":null,"color":{"a":0.0,"b":0.9686274528503418,"g":0.9686274528503418,"r":0.9686274528503418},"metallic":1.0,"name":"金属 - 钢","nor_map":null,"roughness":1.0},"D9A5075A-0C13-436c-A294-4BE46A1DEC46":{"alphamode":0,"base_map":null,"color":{"a":0.0,"b":0.47058823704719543,"g":0.47058823704719543,"r":0.47058823704719543},"metallic":1.0,"name":"不锈钢","nor_map":null,"roughness":1.0}}