{"147E1FCB-942A-42b2-9C18-454D162305BE":{"alphamode":0,"base_map":null,"color":{"a":1.0,"b":0.95686274766922,"g":0.95686274766922,"r":0.6274510025978088},"metallic":1.0,"name":"F-废水管","nor_map":null,"roughness":0.5},"165DCD21-4235-4952-9A05-E776EC761AB3":{"alphamode":0,"base_map":null,"color":{"a":1.0,"b":0.0,"g":0.501960813999176,"r":0.0},"metallic":1.0,"name":"P-J2-中区给水系统","nor_map":null,"roughness":0.5},"174DD03F-42B6-49df-BC89-CD397B6510F6":{"alphamode":0,"base_map":null,"color":{"a":1.0,"b":1.0,"g":0.7490196228027344,"r":0.0},"metallic":1.0,"name":"HY冷水回水系统系统颜色","nor_map":null,"roughness":0.5},"17518504-A042-4f9b-BE6D-7CFDA6D71252":{"alphamode":0,"base_map":null,"color":{"a":1.0,"b":0.0,"g":0.0,"r":1.0},"metallic":1.0,"name":"P-XH-消火栓系统","nor_map":null,"roughness":0.5},"22189CBD-8CE5-4435-852E-1696474F4592":{"alphamode":0,"base_map":null,"color":{"a":0.0,"b":0.0,"g":0.0,"r":0.7843137383460999},"metallic":1.0,"name":"Paint - Armstrong - Red","nor_map":null,"roughness":1.0},"3718C60B-52A0-4578-BF25-6097687FB22A":{"alphamode":2,"base_map":null,"color":{"a":0.25,"b":0.7529411911964417,"g":0.501960813999176,"r":0.0},"metallic":1.0,"name":"Glass","nor_map":null,"roughness":1.0},"4AAE963F-F393-45d5-877D-A90817997FC0":{"alphamode":0,"base_map":null,"color":{"a":1.0,"b":1.0,"g":0.8745098114013672,"r":0.501960813999176},"metallic":1.0,"name":"HY冷水供水系统系统颜色","nor_map":null,"roughness":0.5},"5EF679CD-E668-4c03-9185-C31E65937DD5":{"alphamode":0,"base_map":null,"color":{"a":1.0,"b":0.32156863808631897,"g":0.32156863808631897,"r":0.6470588445663452},"metallic":1.0,"name":"P-家用热水回水系统","nor_map":null,"roughness":0.5},"63042B3D-C414-4e3f-9BFC-3407B33386B1":{"alphamode":0,"base_map":null,"color":{"a":1.0,"b":0.3764705955982208,"g":0.8784313797950745,"r":0.8784313797950745},"metallic":1.0,"name":"W-污水管","nor_map":null,"roughness":0.5},"7325769F-25F4-41a7-ABD0-8C97D1BDBB3D":{"alphamode":0,"base_map":null,"color":{"a":0.0,"b":0.29019609093666077,"g":0.29019609093666077,"r":1.0},"metallic":1.0,"name":"红色","nor_map":null,"roughness":1.0},"733DB2BF-3C69-41c6-B9F7-E6B8BA657AD6":{"alphamode":0,"base_map":"png/6.png","color":{"a":0.0,"b":0.47058823704719543,"g":0.47058823704719543,"r":0.47058823704719543},"metallic":1.0,"name":"镀锌钢板","nor_map":null,"roughness":1.0},"741CEF3A-E689-4aa6-8593-CBC674D64112":{"alphamode":0,"base_map":null,"color":{"a":1.0,"b":0.0,"g":0.0,"r":0.250980406999588},"metallic":1.0,"name":"P-RFP-人防排水系统","nor_map":null,"roughness":0.5},"85F3DA66-E744-43bd-B426-6137C0959D90":{"alphamode":0,"base_map":null,"color":{"a":1.0,"b":0.0,"g":0.501960813999176,"r":0.501960813999176},"metallic":1.0,"name":"M-PYP-机械排烟兼排风系统","nor_map":null,"roughness":0.5},"887D9B24-0A68-455d-B225-E3725C9F87B0":{"alphamode":0,"base_map":null,"color":{"a":0.0,"b":0.250980406999588,"g":0.0,"r":0.501960813999176},"metallic":1.0,"name":"M-JBJ-机械进风兼火灾补风系统","nor_map":null,"roughness":1.0},"9369D4DE-87AB-4868-BCD5-BC308A777660":{"alphamode":0,"base_map":null,"color":{"a":1.0,"b":0.6509804129600525,"g":0.16078431904315948,"r":0.0},"metallic":1.0,"name":"HY冷却回水系统系统颜色","nor_map":null,"roughness":0.5},"980CB2E9-D720-45dc-A8C8-7CE4DC42F0A6":{"alphamode":0,"base_map":"png/7.png","color":{"a":0.0,"b":0.7254902124404907,"g":0.7333333492279053,"r":0.7411764860153198},"metallic":1.0,"name":"镀锌钢管-雨废管","nor_map":null,"roughness":1.0},"AFCC7085-D6F2-4bd3-AFFE-1812C96D4623":{"alphamode":0,"base_map":null,"color":{"a":0.0,"b":0.0,"g":0.0,"r":0.0},"metallic":1.0,"name":"不锈钢","nor_map":null,"roughness":1.0},"B29C410C-222A-4d16-98A0-779ED77A4F35":{"alphamode":0,"base_map":null,"color":{"a":1.0,"b":0.0,"g":1.0,"r":1.0},"metallic":1.0,"name":"P-Y-雨水系统","nor_map":null,"roughness":0.5},"B2EA9709-E035-41ec-9E20-3D1D0EF74E06":{"alphamode":0,"base_map":"png/4.png","color":{"a":0.0,"b":0.7254902124404907,"g":0.7333333492279053,"r":0.7411764860153198},"metallic":1.0,"name":"镀锌钢管-自喷管","nor_map":null,"roughness":1.0},"B4488A36-19DB-4e5d-B295-6172A1BA31DB":{"alphamode":0,"base_map":null,"color":{"a":1.0,"b":0.501960813999176,"g":0.501960813999176,"r":1.0},"metallic":1.0,"name":"P-ZJ1-低区中水系统","nor_map":null,"roughness":0.5},"C01931CA-3269-45f2-AE26-A6FE8544739D":{"alphamode":0,"base_map":null,"color":{"a":1.0,"b":1.0,"g":0.6235294342041016,"r":0.501960813999176},"metallic":1.0,"name":"HY冷却供水系统系统颜色","nor_map":null,"roughness":0.5},"CBCF037E-14C4-459e-992B-CE0D05ADE509":{"alphamode":0,"base_map":null,"color":{"a":1.0,"b":0.0,"g":1.0,"r":0.0},"metallic":1.0,"name":"M-KT空调风系统","nor_map":null,"roughness":0.5},"DF35565E-B482-4d5b-9FA8-F05B6338424B":{"alphamode":0,"base_map":"png/5.png","color":{"a":0.0,"b":0.7254902124404907,"g":0.7333333492279053,"r":0.7411764860153198},"metallic":1.0,"name":"内外热镀锌钢管","nor_map":null,"roughness":1.0},"E7F7C144-914F-48a4-901D-585CF4396E4E":{"alphamode":0,"base_map":null,"color":{"a":1.0,"b":0.0,"g":0.501960813999176,"r":1.0},"metallic":1.0,"name":"P-Y-阳台雨水系统","nor_map":null,"roughness":0.5},"E8B9C3D1-E549-4fde-B190-DE433C94AB92":{"alphamode":0,"base_map":null,"color":{"a":0.0,"b":0.47058823704719543,"g":0.47058823704719543,"r":0.47058823704719543},"metallic":1.0,"name":"铝合金","nor_map":null,"roughness":1.0},"ED67FAD3-4A7C-40b1-ADFD-B4D8398B7301":{"alphamode":0,"base_map":null,"color":{"a":1.0,"b":0.3764705955982208,"g":0.3764705955982208,"r":0.125490203499794},"metallic":1.0,"name":"Y-雨水管","nor_map":null,"roughness":0.5},"F61E1FC3-5E60-4bf2-9A13-303125820FE6":{"alphamode":0,"base_map":"png/3.png","color":{"a":0.0,"b":0.7254902124404907,"g":0.7333333492279053,"r":0.7411764860153198},"metallic":1.0,"name":"镀锌钢管-雨废管","nor_map":null,"roughness":1.0},"F6CF37A4-1FD9-4a03-9777-A9CC92851815":{"alphamode":0,"base_map":null,"color":{"a":0.0,"b":0.49803921580314636,"g":0.49803921580314636,"r":0.49803921580314636},"metallic":1.0,"name":"MaterialNode_8355711_0","nor_map":null,"roughness":1.0}}