{"0165B37A-0B43-49b9-A072-9DFA923AEFE0":{"alphamode":0,"base_map":"png/144.png","color":{"a":1.0,"b":0.6352941393852234,"g":0.6352941393852234,"r":0.6352941393852234},"metallic":1.0,"name":"防静电砖","nor_map":null,"roughness":1.0},"0F279673-2AB3-41fd-902C-CB942AAE6B8A":{"alphamode":0,"base_map":null,"color":{"a":1.0,"b":1.0,"g":1.0,"r":1.0},"metallic":1.0,"name":"01-白色铝板","nor_map":null,"roughness":0.41999998688697815},"17AB920F-3788-4e66-8B10-608E2E45E0FC":{"alphamode":0,"base_map":"png/147.png","color":{"a":1.0,"b":0.28736060857772827,"g":0.2872846722602844,"r":0.2872890830039978},"metallic":1.0,"name":"水磨石","nor_map":null,"roughness":1.0},"191F1E24-DCB1-426b-B37A-BC23A3652AE6":{"alphamode":0,"base_map":"png/148.png","color":{"a":0.0,"b":0.15294118225574493,"g":0.26274511218070984,"r":0.501960813999176},"metallic":1.0,"name":"柚木","nor_map":null,"roughness":1.0},"1D1AB09D-EE76-4691-BEA2-5B8A44D63EA8":{"alphamode":0,"base_map":null,"color":{"a":0.0,"b":0.9372549057006836,"g":0.9372549057006836,"r":0.9254902005195618},"metallic":1.0,"name":"金属 - 不锈钢，抛光","nor_map":null,"roughness":1.0},"1D890C01-B1EE-4b21-A9BB-BE0E8FCCB5E6":{"alphamode":0,"base_map":null,"color":{"a":0.0,"b":0.0,"g":0.0,"r":0.4901960790157318},"metallic":1.0,"name":"金属-暗红","nor_map":null,"roughness":1.0},"1DCF2952-D00E-4630-9787-05E3AED8DF61":{"alphamode":0,"base_map":null,"color":{"a":0.0,"b":0.06666667014360428,"g":0.06666667014360428,"r":0.06666667014360428},"metallic":1.0,"name":"踢脚线","nor_map":null,"roughness":1.0},"1E7A4450-BA2A-494b-A849-69C4FB5997BA":{"alphamode":0,"base_map":"png/150.png","color":{"a":1.0,"b":0.6865993738174438,"g":0.6927269697189331,"r":0.708800196647644},"metallic":1.0,"name":"公共区踢脚","nor_map":null,"roughness":0.45227745175361633},"1FEAA5B2-2ABB-43e9-808F-308597FFA40C":{"alphamode":0,"base_map":null,"color":{"a":0.0,"b":0.7490196228027344,"g":0.7882353067398071,"r":0.8392156958580017},"metallic":1.0,"name":"瓷，亚麻色","nor_map":null,"roughness":1.0},"2412B1F7-0E36-4e52-BA01-8FBEBCA16385":{"alphamode":0,"base_map":null,"color":{"a":0.0,"b":1.0,"g":1.0,"r":1.0},"metallic":1.0,"name":"渲染材质 255-255-255","nor_map":null,"roughness":1.0},"31272A80-7B9B-4ed2-8F71-2AAC6DCBC5B9":{"alphamode":2,"base_map":null,"color":{"a":0.25,"b":1.0,"g":0.0,"r":0.0},"metallic":1.0,"name":"玻璃\\半透明","nor_map":null,"roughness":1.0},"3F177781-0454-47f6-B0D4-E9CA6787AE17":{"alphamode":0,"base_map":null,"color":{"a":1.0,"b":0.6901960968971252,"g":0.9843137264251709,"r":1.0},"metallic":1.0,"name":"卫生间墙面瓷砖","nor_map":null,"roughness":0.5},"5DBCF58C-DAC5-41bf-9749-1997C98D31B8":{"alphamode":0,"base_map":null,"color":{"a":0.0,"b":0.5803921818733215,"g":0.6705882549285889,"r":0.8627451062202454},"metallic":1.0,"name":"地砖 - 500x500，浅褐色","nor_map":null,"roughness":1.0},"63A6C1B7-0729-4ea9-B91B-292B228E4626":{"alphamode":0,"base_map":null,"color":{"a":0.0,"b":0.9882352948188782,"g":0.9882352948188782,"r":0.9882352948188782},"metallic":1.0,"name":"白油漆","nor_map":null,"roughness":1.0},"7615C810-758F-41f6-9883-F6F331D77F84":{"alphamode":0,"base_map":"png/143.png","color":{"a":1.0,"b":0.8925338983535767,"g":0.8958778381347656,"r":0.8969359993934631},"metallic":1.0,"name":"预制水磨石","nor_map":null,"roughness":1.0},"7FC80F5B-BB53-4a3b-BEEA-9135A8C1748F":{"alphamode":0,"base_map":"png/149.png","color":{"a":1.0,"b":0.8925338983535767,"g":0.8958778381347656,"r":0.8969359993934631},"metallic":1.0,"name":"天花板 - 扣板 600 x 1200mm","nor_map":null,"roughness":1.0},"879F4894-0A35-464a-856D-FAC1F514F27D":{"alphamode":0,"base_map":null,"color":{"a":0.0,"b":0.9725490212440491,"g":0.9843137264251709,"r":0.9882352948188782},"metallic":1.0,"name":"瓷，象牙白","nor_map":null,"roughness":1.0},"8FC25174-173E-4489-AA95-9E9ADB377547":{"alphamode":0,"base_map":null,"color":{"a":0.0,"b":0.9372549057006836,"g":0.9686274528503418,"r":0.9686274528503418},"metallic":1.0,"name":"瓷 - 象牙白","nor_map":null,"roughness":1.0},"9A5AEC48-278A-4d70-9A86-B490F7EFAA33":{"alphamode":0,"base_map":null,"color":{"a":0.0,"b":0.7254902124404907,"g":0.7333333492279053,"r":0.7411764860153198},"metallic":1.0,"name":"发纹不锈钢","nor_map":null,"roughness":1.0},"9D94511E-A7FE-4497-B141-9AE7E661BF16":{"alphamode":0,"base_map":null,"color":{"a":0.0,"b":0.09019608050584793,"g":0.10588235408067703,"r":0.8352941274642944},"metallic":1.0,"name":"内外涂环氧复合钢管","nor_map":null,"roughness":1.0},"B2F202CB-7E67-4d0b-AE69-309F74D4F20C":{"alphamode":2,"base_map":null,"color":{"a":1.0,"b":0.8999999761581421,"g":0.8999999761581421,"r":0.8999999761581421},"metallic":1.0,"name":"空气","nor_map":null,"roughness":0.5199999809265137},"C1578977-86E7-4a9f-B285-B46BCF9453BC":{"alphamode":0,"base_map":null,"color":{"a":0.0,"b":0.49803921580314636,"g":0.49803921580314636,"r":0.49803921580314636},"metallic":1.0,"name":"MaterialNode_8355711_0","nor_map":null,"roughness":1.0},"C2B97558-8C9A-4544-9008-E2F6971BF766":{"alphamode":0,"base_map":"png/146.png","color":{"a":1.0,"b":0.501960813999176,"g":0.501960813999176,"r":0.501960813999176},"metallic":1.0,"name":"地砖 - 600 x 600","nor_map":null,"roughness":0.15000000596046448},"C98E6632-8F5D-4700-9B03-8573E9754027":{"alphamode":0,"base_map":"png/145.png","color":{"a":1.0,"b":0.501960813999176,"g":0.48627451062202454,"r":0.45098039507865906},"metallic":1.0,"name":"玻化砖","nor_map":null,"roughness":1.0},"D9A5075A-0C13-436c-A294-4BE46A1DEC46":{"alphamode":0,"base_map":null,"color":{"a":0.0,"b":0.47058823704719543,"g":0.47058823704719543,"r":0.47058823704719543},"metallic":1.0,"name":"不锈钢","nor_map":null,"roughness":1.0},"DA056094-16EC-47f8-A4E7-3D6A94982965":{"alphamode":0,"base_map":"png/151.png","color":{"a":1.0,"b":0.9854856133460999,"g":0.9856501817703247,"r":0.9856458902359009},"metallic":1.0,"name":"文字-白","nor_map":null,"roughness":0.22540000081062317},"DA2D9886-9840-4cbd-B38A-30A37EC66959":{"alphamode":0,"base_map":null,"color":{"a":1.0,"b":0.6941176652908325,"g":0.7764706015586853,"r":0.7960784435272217},"metallic":1.0,"name":"防滑地砖","nor_map":null,"roughness":1.0},"E51DA651-BC62-409e-82B1-4ED98188DE0F":{"alphamode":0,"base_map":null,"color":{"a":0.0,"b":0.03529411926865578,"g":0.03529411926865578,"r":0.03529411926865578},"metallic":1.0,"name":"花岗石","nor_map":null,"roughness":1.0},"F5C9306D-72EB-4bcf-A24D-FB40A363F22B":{"alphamode":0,"base_map":null,"color":{"a":0.0,"b":0.6980392336845398,"g":0.7490196228027344,"r":0.6980392336845398},"metallic":1.0,"name":"镜子","nor_map":null,"roughness":1.0}}