{"09E93BD6-D8A6-45ed-B9A7-BBB367C9A9DF":{"alphamode":0,"base_map":null,"color":{"a":1.0,"b":0.8745098114013672,"g":0.8745098114013672,"r":0.8745098114013672},"metallic":1.0,"name":"灰麻花岗岩600x600","nor_map":null,"roughness":0.45227745175361633},"1DCF2952-D00E-4630-9787-05E3AED8DF61":{"alphamode":0,"base_map":null,"color":{"a":0.0,"b":0.06666667014360428,"g":0.06666667014360428,"r":0.06666667014360428},"metallic":1.0,"name":"踢脚线","nor_map":null,"roughness":1.0},"3D15417A-59AF-4e0d-96D7-B80BE9EE17D1":{"alphamode":0,"base_map":"png/78.png","color":{"a":1.0,"b":0.7333333492279053,"g":0.7333333492279053,"r":0.7333333492279053},"metallic":1.0,"name":"01-拉丝不锈钢","nor_map":null,"roughness":0.46875},"47CC2E23-025B-4866-AE3F-0E2472B7473A":{"alphamode":0,"base_map":"png/77.png","color":{"a":1.0,"b":0.8745098114013672,"g":0.8745098114013672,"r":0.8745098114013672},"metallic":1.0,"name":"灰麻花岗岩","nor_map":null,"roughness":0.45227745175361633},"5FC2B686-0473-4eb4-ACDD-9695E01EDE41":{"alphamode":2,"base_map":null,"color":{"a":0.25,"b":0.7529411911964417,"g":0.501960813999176,"r":0.0},"metallic":1.0,"name":"Glass","nor_map":null,"roughness":1.0},"689FD89D-FDD5-4883-8467-FA5B4CB83FA5":{"alphamode":0,"base_map":null,"color":{"a":1.0,"b":0.0,"g":0.501960813999176,"r":1.0},"metallic":1.0,"name":"小系统-排风","nor_map":null,"roughness":0.5},"E51DA651-BC62-409e-82B1-4ED98188DE0F":{"alphamode":0,"base_map":null,"color":{"a":0.0,"b":0.03529411926865578,"g":0.03529411926865578,"r":0.03529411926865578},"metallic":1.0,"name":"花岗石","nor_map":null,"roughness":1.0}}