{"063CA978-5E68-4dfd-8658-F6174D2C8003":{"alphamode":0,"base_map":null,"color":{"a":1.0,"b":0.6274510025978088,"g":0.0,"r":0.0},"metallic":1.0,"name":"TSP-TQ-B2-49","nor_map":null,"roughness":1.0},"08C53F00-F292-4500-A2C7-DAF4CB718738":{"alphamode":2,"base_map":null,"color":{"a":1.0,"b":0.8999999761581421,"g":0.8999999761581421,"r":0.8999999761581421},"metallic":1.0,"name":"空气","nor_map":null,"roughness":0.5199999809265137},"1B65C976-F445-4f99-8F90-65DD3948EB76":{"alphamode":0,"base_map":"png/30.png","color":{"a":1.0,"b":1.0,"g":1.0,"r":1.0},"metallic":1.0,"name":"TSP-TM-B2-13","nor_map":null,"roughness":0.5},"1FCCBB29-4B9C-4fbd-A29E-B4F7D87C7B0F":{"alphamode":0,"base_map":"png/22.png","color":{"a":1.0,"b":1.0,"g":1.0,"r":1.0},"metallic":1.0,"name":"TSP-TM-B2-37","nor_map":null,"roughness":0.5},"27E0FFD3-9884-44a4-A712-DF7C2DD1F70E":{"alphamode":0,"base_map":null,"color":{"a":0.0,"b":0.9411764740943909,"g":0.9411764740943909,"r":0.9411764740943909},"metallic":1.0,"name":"D.拉丝不锈钢","nor_map":null,"roughness":1.0},"2B1633BF-DE84-4a6a-9218-F25EC0CF3845":{"alphamode":0,"base_map":"png/28.png","color":{"a":1.0,"b":1.0,"g":1.0,"r":1.0},"metallic":1.0,"name":"TSP-XG-B2-33乙","nor_map":null,"roughness":0.5},"2BF819CC-0C37-4e2d-A2F0-578CCB93D96F":{"alphamode":0,"base_map":"png/15.png","color":{"a":1.0,"b":1.0,"g":1.0,"r":1.0},"metallic":1.0,"name":"TSP-XG-B2-07乙","nor_map":null,"roughness":0.5},"2CCD07DB-1A53-4022-9E85-B3F0FB7196B8":{"alphamode":0,"base_map":"png/5.png","color":{"a":1.0,"b":1.0,"g":1.0,"r":1.0},"metallic":1.0,"name":"TSP-XG-B2-03乙","nor_map":null,"roughness":0.5},"2D5E17B0-7937-4239-AC21-EBBB5022B531":{"alphamode":0,"base_map":null,"color":{"a":1.0,"b":0.0,"g":0.0,"r":0.0},"metallic":1.0,"name":"黑色","nor_map":null,"roughness":0.5},"37310BCC-84E3-4a54-99A5-E65711CE586C":{"alphamode":0,"base_map":"png/3.png","color":{"a":1.0,"b":0.7333333492279053,"g":0.7333333492279053,"r":0.7333333492279053},"metallic":1.0,"name":"01-拉丝不锈钢","nor_map":null,"roughness":0.46875},"37B6B5CE-288B-49cb-B9DF-F3B1DD265C77":{"alphamode":0,"base_map":"png/36.png","color":{"a":1.0,"b":1.0,"g":1.0,"r":1.0},"metallic":1.0,"name":"TSP-TZ-B2-32","nor_map":null,"roughness":0.5},"3C2CBD4F-8460-414f-9F4C-BC65B8F263F9":{"alphamode":0,"base_map":"png/10.png","color":{"a":1.0,"b":1.0,"g":1.0,"r":1.0},"metallic":1.0,"name":"后面","nor_map":null,"roughness":0.5},"40A89D14-8EDF-48ef-96C4-7460629CCD68":{"alphamode":0,"base_map":"png/29.png","color":{"a":1.0,"b":1.0,"g":1.0,"r":1.0},"metallic":1.0,"name":"TSP-XG-B2-33甲","nor_map":null,"roughness":0.5},"40FD1AC2-532D-4015-8B24-6A315AD8E409":{"alphamode":0,"base_map":"png/16.png","color":{"a":1.0,"b":1.0,"g":1.0,"r":1.0},"metallic":1.0,"name":"TSP-XG-B2-07甲","nor_map":null,"roughness":0.5},"465A4F89-62CE-4b18-AC8F-1A40DA30D1A4":{"alphamode":0,"base_map":"png/7.png","color":{"a":1.0,"b":1.0,"g":1.0,"r":1.0},"metallic":1.0,"name":"TSP-XG-B2-46乙","nor_map":null,"roughness":0.5},"48DFCE0D-88D4-41c9-AC1B-E9C4F95ADF49":{"alphamode":0,"base_map":"png/39.png","color":{"a":1.0,"b":1.0,"g":1.0,"r":1.0},"metallic":1.0,"name":"TSP-TZ-B2-19","nor_map":null,"roughness":0.5},"4A3F4302-8CF8-4382-91E7-98522EC92218":{"alphamode":0,"base_map":"png/4.png","color":{"a":1.0,"b":1.0,"g":1.0,"r":1.0},"metallic":1.0,"name":"TSP-XG-B2-03甲","nor_map":null,"roughness":0.5},"4CAE7D10-D7E3-4dbe-A87E-3A7DB4814299":{"alphamode":0,"base_map":"png/0.png","color":{"a":1.0,"b":0.8745098114013672,"g":0.8745098114013672,"r":0.8745098114013672},"metallic":1.0,"name":"灰麻花岗岩","nor_map":null,"roughness":0.45227745175361633},"4D1BCE8A-B4D6-4ac0-B8F1-41A5C3D95013":{"alphamode":0,"base_map":"png/48.png","color":{"a":1.0,"b":1.0,"g":1.0,"r":1.0},"metallic":1.0,"name":"TSP-TZ-B2-29","nor_map":null,"roughness":0.5},"4EB51100-3750-42db-98AC-AD9984A21C3D":{"alphamode":0,"base_map":"png/49.png","color":{"a":1.0,"b":1.0,"g":1.0,"r":1.0},"metallic":1.0,"name":"TSP-TZ-B2-25","nor_map":null,"roughness":0.5},"510A5215-2E5B-4e5f-9403-68E8D47743B5":{"alphamode":0,"base_map":"png/38.png","color":{"a":1.0,"b":1.0,"g":1.0,"r":1.0},"metallic":1.0,"name":"TSP-XG-B2-15甲","nor_map":null,"roughness":0.5},"5B16D9B7-9BB3-40ad-BE33-DF699A2B1F4A":{"alphamode":0,"base_map":"png/23.png","color":{"a":1.0,"b":1.0,"g":1.0,"r":1.0},"metallic":1.0,"name":"TSP-TM-B2-38","nor_map":null,"roughness":0.5},"5BAF39DD-65E5-4c8f-8575-514CF525FF3E":{"alphamode":0,"base_map":"png/27.png","color":{"a":1.0,"b":1.0,"g":1.0,"r":1.0},"metallic":1.0,"name":"TSP-XG-B2-16乙","nor_map":null,"roughness":0.5},"5C3DFF10-4243-4d79-8F17-ED9AAA345CFF":{"alphamode":0,"base_map":"png/46.png","color":{"a":1.0,"b":1.0,"g":1.0,"r":1.0},"metallic":1.0,"name":"TSP-TZ-B2-22","nor_map":null,"roughness":0.5},"5E34868A-B2C1-4834-A36F-C5D8792385E9":{"alphamode":0,"base_map":"png/35.png","color":{"a":1.0,"b":1.0,"g":1.0,"r":1.0},"metallic":1.0,"name":"TSP-TM-B2-31","nor_map":null,"roughness":0.5},"5F09016F-64DD-422c-8180-36C7D2DB1840":{"alphamode":0,"base_map":null,"color":{"a":1.0,"b":0.7529411911964417,"g":0.501960813999176,"r":1.0},"metallic":1.0,"name":"TSP-TQ-B2-02","nor_map":null,"roughness":0.5},"673C1DCF-8DEF-4c1a-A4B1-0E505256AA08":{"alphamode":0,"base_map":"png/20.png","color":{"a":1.0,"b":1.0,"g":1.0,"r":1.0},"metallic":1.0,"name":"TSP-TM-B2-10","nor_map":null,"roughness":0.5},"68BEFA7A-0359-4206-82C8-E8404561A1E6":{"alphamode":0,"base_map":null,"color":{"a":0.0,"b":0.7254902124404907,"g":0.7333333492279053,"r":0.7411764860153198},"metallic":1.0,"name":"01-不锈钢","nor_map":null,"roughness":1.0},"6EB943BA-7BDD-46b2-893E-39F47013AAA3":{"alphamode":0,"base_map":"png/25.png","color":{"a":1.0,"b":1.0,"g":1.0,"r":1.0},"metallic":1.0,"name":"TSP-XG-B2-11甲","nor_map":null,"roughness":0.5},"6F03BAAC-3D53-46e7-927D-C5235C1E59B9":{"alphamode":0,"base_map":"png/19.png","color":{"a":1.0,"b":1.0,"g":1.0,"r":1.0},"metallic":1.0,"name":"TSP-TZ-B2-08","nor_map":null,"roughness":0.5},"74DFBAEB-5EFC-461b-8523-9D98083FE9A3":{"alphamode":0,"base_map":null,"color":{"a":0.0,"b":0.0,"g":0.0,"r":0.0},"metallic":1.0,"name":"外壳","nor_map":null,"roughness":1.0},"76E93728-D5D5-4ad1-BF66-27662DD2E14B":{"alphamode":0,"base_map":null,"color":{"a":1.0,"b":0.0,"g":0.501960813999176,"r":1.0},"metallic":1.0,"name":"01-橙色铝合金板","nor_map":null,"roughness":0.5},"8028C108-1E36-4eb9-B9B1-240B304C09C0":{"alphamode":0,"base_map":"png/18.png","color":{"a":1.0,"b":1.0,"g":1.0,"r":1.0},"metallic":1.0,"name":"TSP-XG-B2-41甲","nor_map":null,"roughness":0.5},"81738A93-2274-4361-BFC0-08235B46E3BD":{"alphamode":0,"base_map":"png/32.png","color":{"a":1.0,"b":1.0,"g":1.0,"r":1.0},"metallic":1.0,"name":"TSP-TM-B2-35","nor_map":null,"roughness":0.5},"835D21A3-1804-4d64-AB26-EFF0D000CE80":{"alphamode":0,"base_map":null,"color":{"a":0.0,"b":1.0,"g":1.0,"r":1.0},"metallic":1.0,"name":"白色","nor_map":null,"roughness":1.0},"8AE020E3-D08C-4bf1-A610-8086D7EC0C96":{"alphamode":0,"base_map":null,"color":{"a":1.0,"b":1.0,"g":1.0,"r":1.0},"metallic":1.0,"name":"01-白色铝板","nor_map":null,"roughness":0.41999998688697815},"8B819BAB-19E1-4be5-A6AD-F8D9CA507128":{"alphamode":0,"base_map":"png/45.png","color":{"a":1.0,"b":1.0,"g":1.0,"r":1.0},"metallic":1.0,"name":"TSP-XG-B2-30甲","nor_map":null,"roughness":0.5},"8FFDB1BB-2972-496c-8464-981B22BB819B":{"alphamode":0,"base_map":null,"color":{"a":0.0,"b":0.06666667014360428,"g":0.06666667014360428,"r":0.06666667014360428},"metallic":1.0,"name":"踢脚线","nor_map":null,"roughness":1.0},"9B6F8BCD-44E7-47bc-AD8D-7CE1942B8D8C":{"alphamode":0,"base_map":"png/6.png","color":{"a":1.0,"b":1.0,"g":1.0,"r":1.0},"metallic":1.0,"name":"TSP-XG-B2-46甲","nor_map":null,"roughness":0.5},"9DE84C67-D22F-4c42-A763-6F015B5FE730":{"alphamode":0,"base_map":"png/31.png","color":{"a":1.0,"b":1.0,"g":1.0,"r":1.0},"metallic":1.0,"name":"TSP-TM-B2-14","nor_map":null,"roughness":0.5},"A003408D-3127-430f-8FB4-A72BF7C9BCCE":{"alphamode":0,"base_map":null,"color":{"a":0.0,"b":0.6980392336845398,"g":0.7490196228027344,"r":0.6980392336845398},"metallic":1.0,"name":"镜子","nor_map":null,"roughness":1.0},