{"049A2AD8-A6E3-429f-804E-55B70F2D2CF8":{"alphamode":0,"base_map":null,"color":{"a":1.0,"b":0.3764705955982208,"g":0.8784313797950745,"r":0.125490203499794},"metallic":1.0,"name":"LG-空调冷水供水管","nor_map":null,"roughness":0.5},"09805F6A-E669-4a10-AA4D-22429BEC33AC":{"alphamode":0,"base_map":null,"color":{"a":1.0,"b":0.3764705955982208,"g":0.3764705955982208,"r":0.125490203499794},"metallic":1.0,"name":"Y-雨水管","nor_map":null,"roughness":0.5},"0985EDBA-F42C-4433-A892-B9A716E03201":{"alphamode":0,"base_map":null,"color":{"a":1.0,"b":0.3764705955982208,"g":0.125490203499794,"r":0.3764705955982208},"metallic":1.0,"name":"LH-空调冷水回水管","nor_map":null,"roughness":0.5},"0AB4B786-35E9-4bfc-85F6-B7704B7BA646":{"alphamode":0,"base_map":null,"color":{"a":0.0,"b":0.49803921580314636,"g":0.49803921580314636,"r":0.49803921580314636},"metallic":1.0,"name":"MaterialNode_8355711_0","nor_map":null,"roughness":1.0},"15BB7FE3-320E-4dbf-95D2-6FA4A75C7D34":{"alphamode":0,"base_map":null,"color":{"a":0.0,"b":0.23529411852359772,"g":0.23529411852359772,"r":1.0},"metallic":1.0,"name":"塑料，红色","nor_map":null,"roughness":1.0},"1B144E19-C69C-4957-9AB3-6AB6DF620E43":{"alphamode":0,"base_map":null,"color":{"a":1.0,"b":0.0,"g":0.0,"r":1.0},"metallic":1.0,"name":"P-XH-消火栓系统","nor_map":null,"roughness":0.5},"1F7D7C75-A61F-4617-B322-9EA50B1E452E":{"alphamode":0,"base_map":null,"color":{"a":1.0,"b":0.4000000059604645,"g":0.0,"r":0.9333333373069763},"metallic":1.0,"name":"RH-热水回水管","nor_map":null,"roughness":0.5},"20A7ACB0-7383-47e5-8EC1-E853392EEED5":{"alphamode":0,"base_map":null,"color":{"a":0.0,"b":0.24313725531101227,"g":0.24313725531101227,"r":0.24313725531101227},"metallic":1.0,"name":"乙缩醛树脂，浅黑色","nor_map":null,"roughness":1.0},"20CD2C49-AC04-4993-91E7-891C789CE143":{"alphamode":0,"base_map":null,"color":{"a":1.0,"b":1.0,"g":0.0,"r":0.0},"metallic":1.0,"name":"N-空调凝结水管","nor_map":null,"roughness":0.5},"35EF9D1F-9CC7-4e41-B6B7-9BDB96047CC8":{"alphamode":0,"base_map":"png/8.png","color":{"a":0.0,"b":0.49803921580314636,"g":0.49803921580314636,"r":0.49803921580314636},"metallic":1.0,"name":"黑色","nor_map":null,"roughness":1.0},"3639624F-9E6C-442f-9D69-A3A5CD9C1091":{"alphamode":0,"base_map":null,"color":{"a":0.0,"b":0.4000000059604645,"g":0.658823549747467,"r":0.25882354378700256},"metallic":1.0,"name":"塑料，浅蓝色","nor_map":null,"roughness":1.0},"47FA39D5-DADC-4bd2-9D0B-113F9597AA01":{"alphamode":0,"base_map":"png/6.png","color":{"a":0.0,"b":0.49803921580314636,"g":0.49803921580314636,"r":0.49803921580314636},"metallic":1.0,"name":"黑色","nor_map":null,"roughness":1.0},"48B6B339-384B-42be-8635-8BC6651E6BCD":{"alphamode":0,"base_map":null,"color":{"a":1.0,"b":0.8588235378265381,"g":0.8745098114013672,"r":0.8784313797950745},"metallic":1.0,"name":"钣金原色","nor_map":null,"roughness":0.800000011920929},"4C67CDF4-2E49-447e-B92E-258B9A6ED113":{"alphamode":0,"base_map":null,"color":{"a":1.0,"b":0.95686274766922,"g":0.95686274766922,"r":0.6274510025978088},"metallic":1.0,"name":"F-废水管","nor_map":null,"roughness":0.5},"5831172C-9AAB-4178-ACC6-861A0D60C28F":{"alphamode":0,"base_map":null,"color":{"a":1.0,"b":0.4000000059604645,"g":0.0,"r":0.9333333373069763},"metallic":1.0,"name":"PF-排风管","nor_map":null,"roughness":1.0},"5C7F8DB8-C382-4811-9405-766016845677":{"alphamode":0,"base_map":null,"color":{"a":1.0,"b":0.8666666746139526,"g":0.6666666865348816,"r":0.0},"metallic":1.0,"name":"SF-空调送风管","nor_map":null,"roughness":1.0},"5D35A7D0-3633-43ac-8BC0-42D068D5F365":{"alphamode":0,"base_map":null,"color":{"a":1.0,"b":0.3764705955982208,"g":0.8784313797950745,"r":0.8784313797950745},"metallic":1.0,"name":"W-污水管","nor_map":null,"roughness":0.5},"6DE5A6B5-F3C7-4992-9944-D557B1522859":{"alphamode":0,"base_map":null,"color":{"a":1.0,"b":0.0,"g":0.6666666865348816,"r":1.0},"metallic":1.0,"name":"ZY-加压送风管","nor_map":null,"roughness":1.0},"7647B0B5-4AA7-4f60-9024-37A30F0D1D0E":{"alphamode":0,"base_map":null,"color":{"a":0.0,"b":0.054901961237192154,"g":0.7333333492279053,"r":0.772549033164978},"metallic":1.0,"name":"乙缩醛树脂，浅黄色","nor_map":null,"roughness":1.0},"78CE062B-E7CC-4194-ACF0-682F26114DCE":{"alphamode":0,"base_map":null,"color":{"a":1.0,"b":0.8999999761581421,"g":0.8999999761581421,"r":0.8980392217636108},"metallic":1.0,"name":"商标底材质","nor_map":null,"roughness":0.800000011920929},"7B9D8190-53F9-435b-8767-98A244D1E2EC":{"alphamode":0,"base_map":null,"color":{"a":0.0,"b":0.8588235378265381,"g":0.8588235378265381,"r":0.8588235378265381},"metallic":1.0,"name":"聚四氟乙烯，白色","nor_map":null,"roughness":1.0},"7D694275-C4FC-4809-BCE7-2EEA36F71E4D":{"alphamode":0,"base_map":"png/7.png","color":{"a":0.0,"b":0.9176470637321472,"g":0.9176470637321472,"r":0.9176470637321472},"metallic":1.0,"name":"米白","nor_map":null,"roughness":1.0},"8977E404-59AA-4c67-8784-331EBBB766A9":{"alphamode":0,"base_map":null,"color":{"a":1.0,"b":0.062745101749897,"g":0.2705882489681244,"r":0.7058823704719543},"metallic":1.0,"name":"材质2","nor_map":null,"roughness":0.800000011920929},"9DA89D49-F891-42c9-AE38-DC2AB7514839":{"alphamode":0,"base_map":null,"color":{"a":1.0,"b":0.95686274766922,"g":0.3764705955982208,"r":0.3764705955982208},"metallic":1.0,"name":"T-通气管","nor_map":null,"roughness":0.5},"AD6493F5-1155-488d-BDD7-F77602AB5E51":{"alphamode":0,"base_map":null,"color":{"a":1.0,"b":1.0,"g":0.0,"r":0.0},"metallic":1.0,"name":"材质1","nor_map":null,"roughness":0.800000011920929},"BC36AA18-6ADF-480e-AD56-D47063040EAE":{"alphamode":0,"base_map":"png/5.png","color":{"a":0.0,"b":0.9176470637321472,"g":0.9176470637321472,"r":0.9176470637321472},"metallic":1.0,"name":"米白","nor_map":null,"roughness":1.0},"C41E0DC0-5826-4b0b-A38C-B9272DC1298D":{"alphamode":0,"base_map":null,"color":{"a":1.0,"b":0.0,"g":0.501960813999176,"r":0.501960813999176},"metallic":1.0,"name":"M-PYP-机械排烟兼排风系统","nor_map":null,"roughness":0.5},"C7A6FCAF-528F-43bf-BEFC-8DD0EB8E509C":{"alphamode":0,"base_map":null,"color":{"a":1.0,"b":1.0,"g":0.0,"r":0.0},"metallic":1.0,"name":"XF-新风管","nor_map":null,"roughness":1.0},"D594FFD3-B5C3-4b11-8B6B-43A68BEFC023":{"alphamode":0,"base_map":null,"color":{"a":1.0,"b":1.0,"g":0.0,"r":1.0},"metallic":1.0,"name":"ZP-自喷灭火给水管","nor_map":null,"roughness":0.5},"DF30D214-2B39-4c52-9B31-8950EF638750":{"alphamode":0,"base_map":null,"color":{"a":1.0,"b":0.0,"g":0.3333333432674408,"r":0.9333333373069763},"metallic":1.0,"name":"PY-消防排烟风管","nor_map":null,"roughness":1.0},"E64FDE7D-87CC-40fd-86EF-BB9DBDF11FCE":{"alphamode":0,"base_map":null,"color":{"a":0.0,"b":0.9372549057006836,"g":0.9686274528503418,"r":0.9686274528503418},"metallic":1.0,"name":"钢，油漆面层，象牙白，有光泽","nor_map":null,"roughness":1.0}}