{"1386020E-2ADE-41b0-9AE2-1986195FA61F":{"alphamode":0,"base_map":"png/2.png","color":{"a":0.0,"b":0.42352941632270813,"g":0.45098039507865906,"r":0.45490196347236633},"metallic":1.0,"name":"M_陶粒混凝土空心砌块","nor_map":null,"roughness":1.0},"579C7197-A4B3-405b-84C8-1370AC5062B0":{"alphamode":0,"base_map":null,"color":{"a":1.0,"b":0.3149999976158142,"g":0.3149999976158142,"r":0.3149999976158142},"metallic":1.0,"name":"DS干拌砂浆","nor_map":null,"roughness":0.5},"7F084896-1382-41c6-B24F-13A113943A24":{"alphamode":0,"base_map":null,"color":{"a":1.0,"b":0.4700518250465393,"g":0.5227773189544678,"r":0.5135325193405151},"metallic":1.0,"name":"混凝土，现场浇注灰色","nor_map":null,"roughness":1.0},"8701C173-3774-4160-BAB8-583B5B9F3D4D":{"alphamode":0,"base_map":null,"color":{"a":0.0,"b":0.7529411911964417,"g":0.7529411911964417,"r":0.7529411911964417},"metallic":1.0,"name":"混凝土，现场浇注 - C35","nor_map":null,"roughness":1.0},"96DCFFF8-09B2-4c6c-BEC6-74B86BFBF364":{"alphamode":0,"base_map":null,"color":{"a":0.0,"b":0.5607843399047852,"g":0.5960784554481506,"r":0.6313725709915161},"metallic":1.0,"name":"烧结页岩多孔砖","nor_map":null,"roughness":1.0},"AFCC7085-D6F2-4bd3-AFFE-1812C96D4623":{"alphamode":0,"base_map":null,"color":{"a":0.0,"b":0.0,"g":0.0,"r":0.0},"metallic":1.0,"name":"不锈钢","nor_map":null,"roughness":1.0},"BD252681-B659-4c4f-8D5A-24BD77DD3797":{"alphamode":0,"base_map":null,"color":{"a":0.0,"b":0.9686274528503418,"g":0.9686274528503418,"r":0.9686274528503418},"metallic":1.0,"name":"金属 - 钢 Q345 B","nor_map":null,"roughness":1.0},"CED53F24-B9E1-4caf-8746-31D8376F6C1F":{"alphamode":0,"base_map":"png/1.png","color":{"a":1.0,"b":0.4700518250465393,"g":0.5227773189544678,"r":0.5135325193405151},"metallic":1.0,"name":"混凝土 - 现场浇注混凝土C30","nor_map":null,"roughness":1.0},"DA311C88-D163-4d46-8C9A-C92DCD670B93":{"alphamode":2,"base_map":null,"color":{"a":0.10000000149011612,"b":0.7529411911964417,"g":0.501960813999176,"r":0.0},"metallic":1.0,"name":"玻璃蓝","nor_map":null,"roughness":1.0},"DD072962-7501-4a96-A354-720917938FBD":{"alphamode":0,"base_map":"png/0.png","color":{"a":1.0,"b":0.6000000238418579,"g":0.6000000238418579,"r":0.6000000238418579},"metallic":1.0,"name":"钢","nor_map":null,"roughness":0.6000000238418579},"E8B9C3D1-E549-4fde-B190-DE433C94AB92":{"alphamode":0,"base_map":null,"color":{"a":0.0,"b":0.47058823704719543,"g":0.47058823704719543,"r":0.47058823704719543},"metallic":1.0,"name":"铝合金","nor_map":null,"roughness":1.0},"F6CF37A4-1FD9-4a03-9777-A9CC92851815":{"alphamode":0,"base_map":null,"color":{"a":0.0,"b":0.49803921580314636,"g":0.49803921580314636,"r":0.49803921580314636},"metallic":1.0,"name":"MaterialNode_8355711_0","nor_map":null,"roughness":1.0}}