{"049A2AD8-A6E3-429f-804E-55B70F2D2CF8":{"alphamode":0,"base_map":null,"color":{"a":1.0,"b":0.3764705955982208,"g":0.8784313797950745,"r":0.125490203499794},"metallic":1.0,"name":"LG-空调冷水供水管","nor_map":null,"roughness":0.5},"09805F6A-E669-4a10-AA4D-22429BEC33AC":{"alphamode":0,"base_map":null,"color":{"a":1.0,"b":0.3764705955982208,"g":0.3764705955982208,"r":0.125490203499794},"metallic":1.0,"name":"Y-雨水管","nor_map":null,"roughness":0.5},"0985EDBA-F42C-4433-A892-B9A716E03201":{"alphamode":0,"base_map":null,"color":{"a":1.0,"b":0.3764705955982208,"g":0.125490203499794,"r":0.3764705955982208},"metallic":1.0,"name":"LH-空调冷水回水管","nor_map":null,"roughness":0.5},"0AB4B786-35E9-4bfc-85F6-B7704B7BA646":{"alphamode":0,"base_map":null,"color":{"a":0.0,"b":0.49803921580314636,"g":0.49803921580314636,"r":0.49803921580314636},"metallic":1.0,"name":"MaterialNode_8355711_0","nor_map":null,"roughness":1.0},"1B144E19-C69C-4957-9AB3-6AB6DF620E43":{"alphamode":0,"base_map":null,"color":{"a":1.0,"b":0.0,"g":0.0,"r":1.0},"metallic":1.0,"name":"P-XH-消火栓系统","nor_map":null,"roughness":0.5},"3827AABF-92CD-43df-ABE8-0CC8776DA549":{"alphamode":0,"base_map":"png/83.png","color":{"a":0.0,"b":0.49803921580314636,"g":0.49803921580314636,"r":0.49803921580314636},"metallic":1.0,"name":"黑色","nor_map":null,"roughness":1.0},"45FA0878-5FAB-42e3-8653-1E9E546D2049":{"alphamode":0,"base_map":"png/81.png","color":{"a":0.0,"b":0.49803921580314636,"g":0.49803921580314636,"r":0.49803921580314636},"metallic":1.0,"name":"黑色","nor_map":null,"roughness":1.0},"48B6B339-384B-42be-8635-8BC6651E6BCD":{"alphamode":0,"base_map":null,"color":{"a":1.0,"b":0.8588235378265381,"g":0.8745098114013672,"r":0.8784313797950745},"metallic":1.0,"name":"钣金原色","nor_map":null,"roughness":0.800000011920929},"4C67CDF4-2E49-447e-B92E-258B9A6ED113":{"alphamode":0,"base_map":null,"color":{"a":1.0,"b":0.95686274766922,"g":0.95686274766922,"r":0.6274510025978088},"metallic":1.0,"name":"F-废水管","nor_map":null,"roughness":0.5},"5831172C-9AAB-4178-ACC6-861A0D60C28F":{"alphamode":0,"base_map":null,"color":{"a":1.0,"b":0.4000000059604645,"g":0.0,"r":0.9333333373069763},"metallic":1.0,"name":"PF-排风管","nor_map":null,"roughness":1.0},"5C801D65-3988-4f04-A56F-27ABDC4AA77D":{"alphamode":0,"base_map":"png/86.png","color":{"a":0.0,"b":0.9176470637321472,"g":0.9176470637321472,"r":0.9176470637321472},"metallic":1.0,"name":"米白","nor_map":null,"roughness":1.0},"61B9739F-AC8E-4fe0-B447-CCD1E419C7C9":{"alphamode":0,"base_map":"png/84.png","color":{"a":0.0,"b":0.9176470637321472,"g":0.9176470637321472,"r":0.9176470637321472},"metallic":1.0,"name":"米白","nor_map":null,"roughness":1.0},"75C0423F-1B0D-4fc0-B5BE-206AED51070A":{"alphamode":0,"base_map":"png/82.png","color":{"a":0.0,"b":0.9176470637321472,"g":0.9176470637321472,"r":0.9176470637321472},"metallic":1.0,"name":"米白","nor_map":null,"roughness":1.0},"78CE062B-E7CC-4194-ACF0-682F26114DCE":{"alphamode":0,"base_map":null,"color":{"a":1.0,"b":0.8999999761581421,"g":0.8999999761581421,"r":0.8980392217636108},"metallic":1.0,"name":"商标底材质","nor_map":null,"roughness":0.800000011920929},"7E99919D-D196-4956-8657-BB22D8D3C2E1":{"alphamode":0,"base_map":"png/87.png","color":{"a":0.0,"b":0.49803921580314636,"g":0.49803921580314636,"r":0.49803921580314636},"metallic":1.0,"name":"黑色","nor_map":null,"roughness":1.0},"8977E404-59AA-4c67-8784-331EBBB766A9":{"alphamode":0,"base_map":null,"color":{"a":1.0,"b":0.062745101749897,"g":0.2705882489681244,"r":0.7058823704719543},"metallic":1.0,"name":"材质2","nor_map":null,"roughness":0.800000011920929},"8A9F40F0-3029-4cb7-9002-EA67EE9827FE":{"alphamode":0,"base_map":"png/80.png","color":{"a":0.0,"b":0.9176470637321472,"g":0.9176470637321472,"r":0.9176470637321472},"metallic":1.0,"name":"米白","nor_map":null,"roughness":1.0},"AD114C33-9587-4624-8DA8-CB311B6B6ED0":{"alphamode":0,"base_map":null,"color":{"a":0.0,"b":0.47058823704719543,"g":0.47058823704719543,"r":0.47058823704719543},"metallic":1.0,"name":"不锈钢 AISI 304","nor_map":null,"roughness":1.0},"AD6493F5-1155-488d-BDD7-F77602AB5E51":{"alphamode":0,"base_map":null,"color":{"a":1.0,"b":1.0,"g":0.0,"r":0.0},"metallic":1.0,"name":"材质1","nor_map":null,"roughness":0.800000011920929},"B0523446-FFA1-49e6-8AED-1ACFFC607123":{"alphamode":0,"base_map":"png/85.png","color":{"a":0.0,"b":0.49803921580314636,"g":0.49803921580314636,"r":0.49803921580314636},"metallic":1.0,"name":"黑色","nor_map":null,"roughness":1.0},"C7A6FCAF-528F-43bf-BEFC-8DD0EB8E509C":{"alphamode":0,"base_map":null,"color":{"a":1.0,"b":1.0,"g":0.0,"r":0.0},"metallic":1.0,"name":"XF-新风管","nor_map":null,"roughness":1.0},"D594FFD3-B5C3-4b11-8B6B-43A68BEFC023":{"alphamode":0,"base_map":null,"color":{"a":1.0,"b":1.0,"g":0.0,"r":1.0},"metallic":1.0,"name":"ZP-自喷灭火给水管","nor_map":null,"roughness":0.5},"DF30D214-2B39-4c52-9B31-8950EF638750":{"alphamode":0,"base_map":null,"color":{"a":1.0,"b":0.0,"g":0.3333333432674408,"r":0.9333333373069763},"metallic":1.0,"name":"PY-消防排烟风管","nor_map":null,"roughness":1.0},"E11A8968-DD89-4748-84CC-CCB733D32CBE":{"alphamode":0,"base_map":null,"color":{"a":1.0,"b":0.0,"g":1.0,"r":0.0},"metallic":1.0,"name":"M-KT空调风系统","nor_map":null,"roughness":0.5}}