{"005686EB-EE79-4b50-BA63-69935A142567":{"alphamode":0,"base_map":null,"color":{"a":1.0,"b":0.843137264251709,"g":0.9607843160629272,"r":0.9607843160629272},"metallic":1.0,"name":"平层装置-金属隔磁板","nor_map":null,"roughness":0.5},"061FA5DC-BD35-47df-AD57-4F56DDBB5D2D":{"alphamode":0,"base_map":null,"color":{"a":0.0,"b":0.0,"g":0.49803921580314636,"r":1.0},"metallic":1.0,"name":"渲染材质 255-127-0","nor_map":null,"roughness":1.0},"06584798-D8BC-499c-A4C2-17303A830B3C":{"alphamode":0,"base_map":null,"color":{"a":0.0,"b":0.8823529481887817,"g":0.9411764740943909,"r":0.9411764740943909},"metallic":1.0,"name":"240-240-225","nor_map":null,"roughness":1.0},"15F20B61-3001-43bc-A99E-9BAB0F4F2299":{"alphamode":0,"base_map":null,"color":{"a":1.0,"b":1.0,"g":0.6666666865348816,"r":0.6666666865348816},"metallic":1.0,"name":"平层装置-永磁感应继电器","nor_map":null,"roughness":0.5},"1625246D-1CD1-476f-8144-C68A66BE91D8":{"alphamode":0,"base_map":null,"color":{"a":1.0,"b":0.0,"g":0.0,"r":0.0},"metallic":1.0,"name":"黑色","nor_map":null,"roughness":0.5},"1E484C32-E62C-426a-BBB7-C81936216D1B":{"alphamode":0,"base_map":null,"color":{"a":1.0,"b":0.8588235378265381,"g":0.8745098114013672,"r":0.8784313797950745},"metallic":1.0,"name":"天蓝色金属外壳","nor_map":null,"roughness":0.800000011920929},"1E958D39-2048-4f58-8594-E69386DF5556":{"alphamode":0,"base_map":null,"color":{"a":0.0,"b":0.9411764740943909,"g":0.9411764740943909,"r":0.9019607901573181},"metallic":1.0,"name":"230-240-240","nor_map":null,"roughness":1.0},"1F6490E2-2F03-44ee-9822-D3B228667CB2":{"alphamode":0,"base_map":null,"color":{"a":0.0,"b":0.0,"g":1.0,"r":0.0},"metallic":1.0,"name":"绿","nor_map":null,"roughness":1.0},"2412B1F7-0E36-4e52-BA01-8FBEBCA16385":{"alphamode":0,"base_map":null,"color":{"a":0.0,"b":1.0,"g":1.0,"r":1.0},"metallic":1.0,"name":"渲染材质 255-255-255","nor_map":null,"roughness":1.0},"29D4A0BC-4218-4f19-AC5A-26DA413F9236":{"alphamode":0,"base_map":null,"color":{"a":1.0,"b":0.0,"g":0.7764706015586853,"r":0.7764706015586853},"metallic":1.0,"name":"导向轮-HT250警示黄","nor_map":null,"roughness":0.5},"2F798557-5655-44f2-B88D-9569539CAC42":{"alphamode":0,"base_map":null,"color":{"a":1.0,"b":0.13333334028720856,"g":0.13333334028720856,"r":0.13333334028720856},"metallic":1.0,"name":"黑色铸铁","nor_map":null,"roughness":0.22540335357189178},"31272A80-7B9B-4ed2-8F71-2AAC6DCBC5B9":{"alphamode":2,"base_map":null,"color":{"a":0.25,"b":1.0,"g":0.0,"r":0.0},"metallic":1.0,"name":"玻璃\\半透明","nor_map":null,"roughness":1.0},"3249E449-5192-48a3-AF1E-0CF57060342F":{"alphamode":0,"base_map":null,"color":{"a":1.0,"b":0.7686274647712708,"g":0.7411764860153198,"r":0.7254902124404907},"metallic":1.0,"name":"白色","nor_map":null,"roughness":0.5},"3D42733A-A3B0-4e5b-9C49-EF7FE5FC650F":{"alphamode":2,"base_map":null,"color":{"a":1.0,"b":0.3149999976158142,"g":0.3149999976158142,"r":0.3149999976158142},"metallic":1.0,"name":"二维码模块","nor_map":null,"roughness":0.5},"5AD3A797-1453-4d49-8AA3-BCA45B14BE26":{"alphamode":0,"base_map":null,"color":{"a":1.0,"b":0.7529411911964417,"g":0.7529411911964417,"r":0.7529411911964417},"metallic":1.0,"name":"透明塑料","nor_map":null,"roughness":0.5},"6D491BCA-02A2-4783-A02C-25C39CF75ED5":{"alphamode":0,"base_map":null,"color":{"a":1.0,"b":0.49803921580314636,"g":0.49803921580314636,"r":0.49803921580314636},"metallic":1.0,"name":"127-127-127","nor_map":null,"roughness":0.5},"7173C194-3F8C-4856-BFA4-AC58A678F96B":{"alphamode":2,"base_map":null,"color":{"a":0.15000000596046448,"b":0.8784313797950745,"g":0.8901960849761963,"r":0.8549019694328308},"metallic":1.0,"name":"玻璃\\透明","nor_map":null,"roughness":1.0},"73AF7E27-522B-4fea-BEFB-AAF9B608CCD7":{"alphamode":0,"base_map":null,"color":{"a":1.0,"b":0.8784313797950745,"g":0.9450980424880981,"r":0.9450980424880981},"metallic":1.0,"name":"241-241-224","nor_map":null,"roughness":0.5},"7EE14429-DD2F-4598-8D74-F443D1A705B1":{"alphamode":0,"base_map":null,"color":{"a":0.0,"b":1.0,"g":0.6666666865348816,"r":0.6666666865348816},"metallic":1.0,"name":"淡蓝","nor_map":null,"roughness":1.0},"881FD216-67F3-4ffb-BE5C-03ADA53A59FC":{"alphamode":0,"base_map":null,"color":{"a":0.0,"b":0.0,"g":0.0,"r":0.0},"metallic":1.0,"name":"塑料","nor_map":null,"roughness":1.0},"8A498B10-0D7C-4577-ADC5-97422B5E7213":{"alphamode":0,"base_map":null,"color":{"a":1.0,"b":0.22745098173618317,"g":0.22745098173618317,"r":0.22745098173618317},"metallic":1.0,"name":"黑色塑料","nor_map":null,"roughness":0.5},"8B7C0D15-5772-4237-8FD1-2B4D64579EDE":{"alphamode":0,"base_map":null,"color":{"a":1.0,"b":0.6078431606292725,"g":0.9058823585510254,"r":1.0},"metallic":1.0,"name":"255-231-155","nor_map":null,"roughness":0.5},"9A5AEC48-278A-4d70-9A86-B490F7EFAA33":{"alphamode":0,"base_map":null,"color":{"a":0.0,"b":0.7254902124404907,"g":0.7333333492279053,"r":0.7411764860153198},"metallic":1.0,"name":"发纹不锈钢","nor_map":null,"roughness":1.0},"9E13E66D-7F3E-483b-9FD0-C95A24C1DC79":{"alphamode":0,"base_map":"png/67.png","color":{"a":0.0,"b":0.9254902005195618,"g":0.9137254953384399,"r":0.9019607901573181},"metallic":1.0,"name":"喷塑钢板","nor_map":null,"roughness":1.0},"9E91B17C-C5BA-48d6-8F40-FD5403BB57FB":{"alphamode":0,"base_map":null,"color":{"a":0.0,"b":1.0,"g":0.0,"r":0.0},"metallic":1.0,"name":"渲染材质 0-0-255","nor_map":null,"roughness":1.0},"A8189127-1CB7-49df-AEB6-AB4FE418B28E":{"alphamode":0,"base_map":null,"color":{"a":1.0,"b":0.0,"g":0.0,"r":1.0},"metallic":1.0,"name":"银白金属","nor_map":null,"roughness":0.5},"A8A71F71-B182-482b-B2F6-258661538464":{"alphamode":0,"base_map":"png/68.png","color":{"a":1.0,"b":0.9854856133460999,"g":0.9856501817703247,"r":0.9856458902359009},"metallic":1.0,"name":"白色塑料","nor_map":null,"roughness":0.22540000081062317},"AFB6495A-D317-448f-AD45-5E8F94CCAB72":{"alphamode":0,"base_map":null,"color":{"a":1.0,"b":0.8118179440498352,"g":0.812335729598999,"r":0.8123263716697693},"metallic":1.0,"name":"白色","nor_map":null,"roughness":1.0},"B6A7B050-8963-49a9-B6C6-AE63E91080F7":{"alphamode":0,"base_map":null,"color":{"a":1.0,"b":0.9529412388801575,"g":0.9529412388801575,"r":0.9529412388801575},"metallic":1.0,"name":"螺栓","nor_map":null,"roughness":0.22540335357189178},"BAC2CC99-2AB6-428d-86B4-02B8BA333CC6":{"alphamode":0,"base_map":null,"color":{"a":0.0,"b":0.0,"g":0.0,"r":1.0},"metallic":1.0,"name":"渲染材质 255-255-255(1)","nor_map":null,"roughness":1.0},"BC6C518E-EEDD-4736-BD13-5B89746700B0":{"alphamode":0,"base_map":null,"color":{"a":1.0,"b":0.9803921580314636,"g":0.9803921580314636,"r":0.9803921580314636},"metallic":1.0,"name":"黑色","nor_map":null,"roughness":0.5},"C1578977-86E7-4a9f-B285-B46BCF9453BC":{"alphamode":0,"base_map":null,"color":{"a":0.0,"b":0.49803921580314636,"g":0.49803921580314636,"r":0.49803921580314636},"metallic":1.0,"name":"MaterialNode_8355711_0","nor_map":null,"roughness":1.0},"CD1267DA-13C6-4b55-8E6C-DA4B62FAED8C":{"alphamode":0,"base_map":null,"color":{"a":1.0,"b":0.3149999976158142,"g":0.3149999976158142,"r":0.3149999976158142},"metallic":1.0,"name":"白色塑料","nor_map":null,"roughness":0.5},"D716D1A8-7DD5-40e4-98DE-3D81E084B077":{"alphamode":0,"base_map":null,"color":{"a":1.0,"b":0.13725490868091583,"g":0.13725490868091583,"r":0.13725490868091583},"metallic":1.0,"name":"平层装置-平层开关","nor_map":null,"roughness":0.5},"D84723CE-2108-470d-AB55-790CF0A1853F":{"alphamode":0,"base_map":null,"color":{"a":1.0,"b":0.6509804129600525,"g":0.8470588326454163,"r":1.0},"metallic":1.0,"name":"255-215-166","nor_map":null,"roughness":0.5},"DDA56E53-569E-4fd9-B279-41E07BE07F78":{"alphamode":0,"base_map":null,"color":{"a":0.0,"b":0.0,"g":1.0,"r":1.0},"metallic":1.0,"name":"渲染材质 255-255-0","nor_map":null,"roughness":1.0},"E8887B9D-50DB-431e-A036-A6840656B86F":{"alphamode":0,"base_map":"png/69.png","color":{"a":1.0,"b":0.9854856133460999,"g":0.9856501817703247,"r":0.9856458902359009},"metallic":1.0,"name":"塑料PVC","nor_map":null,"roughness":0.22540000081062317},"FA285FE9-A90F-4bcb-B139-095559293CBE":{"alphamode":0,"base_map":null,"color":{"a":1.0,"b":0.27450981736183167,"g":0.27450981736183167,"r":0.27450981736183167},