{"1D1AB09D-EE76-4691-BEA2-5B8A44D63EA8":{"alphamode":0,"base_map":null,"color":{"a":0.0,"b":0.9372549057006836,"g":0.9372549057006836,"r":0.9254902005195618},"metallic":1.0,"name":"金属 - 不锈钢，抛光","nor_map":null,"roughness":1.0},"1D890C01-B1EE-4b21-A9BB-BE0E8FCCB5E6":{"alphamode":0,"base_map":null,"color":{"a":0.0,"b":0.0,"g":0.0,"r":0.4901960790157318},"metallic":1.0,"name":"金属-暗红","nor_map":null,"roughness":1.0},"221D702D-09EC-465b-8956-B27BB401AB29":{"alphamode":0,"base_map":"png/52.png","color":{"a":1.0,"b":0.8925338983535767,"g":0.8958778381347656,"r":0.8969359993934631},"metallic":1.0,"name":"天花板 - 扣板 600 x 1200mm","nor_map":null,"roughness":1.0},"3718E4EC-FA63-4d78-969B-DAFA8AA0F37C":{"alphamode":0,"base_map":"png/53.png","color":{"a":1.0,"b":0.6865993738174438,"g":0.6927269697189331,"r":0.708800196647644},"metallic":1.0,"name":"花岗岩，挖方，抛光","nor_map":null,"roughness":0.20000000298023224},"92919B01-35AE-48ca-BADF-53E4CA47B4DB":{"alphamode":0,"base_map":"png/51.png","color":{"a":1.0,"b":0.501960813999176,"g":0.501960813999176,"r":0.501960813999176},"metallic":1.0,"name":"地砖 - 600 x 600","nor_map":null,"roughness":0.15000000596046448},"9D94511E-A7FE-4497-B141-9AE7E661BF16":{"alphamode":0,"base_map":null,"color":{"a":0.0,"b":0.09019608050584793,"g":0.10588235408067703,"r":0.8352941274642944},"metallic":1.0,"name":"内外涂环氧复合钢管","nor_map":null,"roughness":1.0},"B0DF569B-3D87-40eb-BAFD-79A0FEE2332D":{"alphamode":0,"base_map":"png/54.png","color":{"a":0.0,"b":0.8588235378265381,"g":0.8627451062202454,"r":0.9490196108818054},"metallic":1.0,"name":"内墙_耐火砖","nor_map":null,"roughness":1.0},"BCB4B637-4ECE-4972-A5B0-75E7ED22F86A":{"alphamode":2,"base_map":null,"color":{"a":0.15000000596046448,"b":0.9372549057006836,"g":0.9411764740943909,"r":0.9254902005195618},"metallic":1.0,"name":"玻璃","nor_map":null,"roughness":1.0},"C1578977-86E7-4a9f-B285-B46BCF9453BC":{"alphamode":0,"base_map":null,"color":{"a":0.0,"b":0.49803921580314636,"g":0.49803921580314636,"r":0.49803921580314636},"metallic":1.0,"name":"MaterialNode_8355711_0","nor_map":null,"roughness":1.0},"C7DD8413-F8CB-4e20-8F0E-595D598E9042":{"alphamode":0,"base_map":null,"color":{"a":0.0,"b":0.9686274528503418,"g":0.9686274528503418,"r":0.9686274528503418},"metallic":1.0,"name":"金属 - 钢","nor_map":null,"roughness":1.0},"D9A5075A-0C13-436c-A294-4BE46A1DEC46":{"alphamode":0,"base_map":null,"color":{"a":0.0,"b":0.47058823704719543,"g":0.47058823704719543,"r":0.47058823704719543},"metallic":1.0,"name":"不锈钢","nor_map":null,"roughness":1.0}}