{"049A2AD8-A6E3-429f-804E-55B70F2D2CF8":{"alphamode":0,"base_map":null,"color":{"a":1.0,"b":0.3764705955982208,"g":0.8784313797950745,"r":0.125490203499794},"metallic":1.0,"name":"LG-空调冷水供水管","nor_map":null,"roughness":0.5},"09805F6A-E669-4a10-AA4D-22429BEC33AC":{"alphamode":0,"base_map":null,"color":{"a":1.0,"b":0.3764705955982208,"g":0.3764705955982208,"r":0.125490203499794},"metallic":1.0,"name":"Y-雨水管","nor_map":null,"roughness":0.5},"0985EDBA-F42C-4433-A892-B9A716E03201":{"alphamode":0,"base_map":null,"color":{"a":1.0,"b":0.3764705955982208,"g":0.125490203499794,"r":0.3764705955982208},"metallic":1.0,"name":"LH-空调冷水回水管","nor_map":null,"roughness":0.5},"0AB4B786-35E9-4bfc-85F6-B7704B7BA646":{"alphamode":0,"base_map":null,"color":{"a":0.0,"b":0.49803921580314636,"g":0.49803921580314636,"r":0.49803921580314636},"metallic":1.0,"name":"MaterialNode_8355711_0","nor_map":null,"roughness":1.0},"1B144E19-C69C-4957-9AB3-6AB6DF620E43":{"alphamode":0,"base_map":null,"color":{"a":1.0,"b":0.0,"g":0.0,"r":1.0},"metallic":1.0,"name":"P-XH-消火栓系统","nor_map":null,"roughness":0.5},"1BB1251A-7139-48b1-9986-47E6DD844340":{"alphamode":0,"base_map":"png/11.png","color":{"a":0.0,"b":0.49803921580314636,"g":0.49803921580314636,"r":0.49803921580314636},"metallic":1.0,"name":"黑色","nor_map":null,"roughness":1.0},"1F7D7C75-A61F-4617-B322-9EA50B1E452E":{"alphamode":0,"base_map":null,"color":{"a":1.0,"b":0.4000000059604645,"g":0.0,"r":0.9333333373069763},"metallic":1.0,"name":"RH-热水回水管","nor_map":null,"roughness":0.5},"20CD2C49-AC04-4993-91E7-891C789CE143":{"alphamode":0,"base_map":null,"color":{"a":1.0,"b":1.0,"g":0.0,"r":0.0},"metallic":1.0,"name":"N-空调凝结水管","nor_map":null,"roughness":0.5},"2AC86F8F-0482-4971-88C7-F8CB0737A2F4":{"alphamode":0,"base_map":"png/15.png","color":{"a":0.0,"b":0.49803921580314636,"g":0.49803921580314636,"r":0.49803921580314636},"metallic":1.0,"name":"黑色","nor_map":null,"roughness":1.0},"4271720A-892A-4a32-9D7A-2D9F2EFA1A61":{"alphamode":0,"base_map":null,"color":{"a":1.0,"b":0.5333333611488342,"g":0.20000000298023224,"r":0.6000000238418579},"metallic":1.0,"name":"HF-空调回风管","nor_map":null,"roughness":1.0},"48B6B339-384B-42be-8635-8BC6651E6BCD":{"alphamode":0,"base_map":null,"color":{"a":1.0,"b":0.8588235378265381,"g":0.8745098114013672,"r":0.8784313797950745},"metallic":1.0,"name":"钣金原色","nor_map":null,"roughness":0.800000011920929},"4C67CDF4-2E49-447e-B92E-258B9A6ED113":{"alphamode":0,"base_map":null,"color":{"a":1.0,"b":0.95686274766922,"g":0.95686274766922,"r":0.6274510025978088},"metallic":1.0,"name":"F-废水管","nor_map":null,"roughness":0.5},"55CDFDCD-E5D0-45a7-B5C8-9DD8C7E025B9":{"alphamode":0,"base_map":"png/20.png","color":{"a":0.0,"b":0.9176470637321472,"g":0.9176470637321472,"r":0.9176470637321472},"metallic":1.0,"name":"米白","nor_map":null,"roughness":1.0},"5831172C-9AAB-4178-ACC6-861A0D60C28F":{"alphamode":0,"base_map":null,"color":{"a":1.0,"b":0.4000000059604645,"g":0.0,"r":0.9333333373069763},"metallic":1.0,"name":"PF-排风管","nor_map":null,"roughness":1.0},"5906DAFE-6F83-4a44-BEBA-2A8AB6A616B8":{"alphamode":0,"base_map":"png/14.png","color":{"a":0.0,"b":0.9176470637321472,"g":0.9176470637321472,"r":0.9176470637321472},"metallic":1.0,"name":"米白","nor_map":null,"roughness":1.0},"5C7F8DB8-C382-4811-9405-766016845677":{"alphamode":0,"base_map":null,"color":{"a":1.0,"b":0.8666666746139526,"g":0.6666666865348816,"r":0.0},"metallic":1.0,"name":"SF-空调送风管","nor_map":null,"roughness":1.0},"5D35A7D0-3633-43ac-8BC0-42D068D5F365":{"alphamode":0,"base_map":null,"color":{"a":1.0,"b":0.3764705955982208,"g":0.8784313797950745,"r":0.8784313797950745},"metallic":1.0,"name":"W-污水管","nor_map":null,"roughness":0.5},"6DE5A6B5-F3C7-4992-9944-D557B1522859":{"alphamode":0,"base_map":null,"color":{"a":1.0,"b":0.0,"g":0.6666666865348816,"r":1.0},"metallic":1.0,"name":"ZY-加压送风管","nor_map":null,"roughness":1.0},"78CE062B-E7CC-4194-ACF0-682F26114DCE":{"alphamode":0,"base_map":null,"color":{"a":1.0,"b":0.8999999761581421,"g":0.8999999761581421,"r":0.8980392217636108},"metallic":1.0,"name":"商标底材质","nor_map":null,"roughness":0.800000011920929},"8977E404-59AA-4c67-8784-331EBBB766A9":{"alphamode":0,"base_map":null,"color":{"a":1.0,"b":0.062745101749897,"g":0.2705882489681244,"r":0.7058823704719543},"metallic":1.0,"name":"材质2","nor_map":null,"roughness":0.800000011920929},"9DA89D49-F891-42c9-AE38-DC2AB7514839":{"alphamode":0,"base_map":null,"color":{"a":1.0,"b":0.95686274766922,"g":0.3764705955982208,"r":0.3764705955982208},"metallic":1.0,"name":"T-通气管","nor_map":null,"roughness":0.5},"9F1C1D7C-CFCE-4b44-876F-81F60A5BBD97":{"alphamode":0,"base_map":"png/19.png","color":{"a":0.0,"b":0.49803921580314636,"g":0.49803921580314636,"r":0.49803921580314636},"metallic":1.0,"name":"黑色","nor_map":null,"roughness":1.0},"AA594272-6E3C-456d-AACC-6072C1E52AC9":{"alphamode":0,"base_map":"png/16.png","color":{"a":0.0,"b":0.9176470637321472,"g":0.9176470637321472,"r":0.9176470637321472},"metallic":1.0,"name":"米白","nor_map":null,"roughness":1.0},"AC2D52ED-8DA4-4c74-9D09-77BE0589FF30":{"alphamode":0,"base_map":"png/18.png","color":{"a":0.0,"b":0.9176470637321472,"g":0.9176470637321472,"r":0.9176470637321472},"metallic":1.0,"name":"米白","nor_map":null,"roughness":1.0},"AD6493F5-1155-488d-BDD7-F77602AB5E51":{"alphamode":0,"base_map":null,"color":{"a":1.0,"b":1.0,"g":0.0,"r":0.0},"metallic":1.0,"name":"材质1","nor_map":null,"roughness":0.800000011920929},"AEFBBD87-A870-482f-9FB7-A1D6F69207F6":{"alphamode":0,"base_map":"png/21.png","color":{"a":0.0,"b":0.49803921580314636,"g":0.49803921580314636,"r":0.49803921580314636},"metallic":1.0,"name":"黑色","nor_map":null,"roughness":1.0},"B58F093C-DB81-487b-A977-F0932C813FED":{"alphamode":0,"base_map":"png/13.png","color":{"a":0.0,"b":0.49803921580314636,"g":0.49803921580314636,"r":0.49803921580314636},"metallic":1.0,"name":"黑色","nor_map":null,"roughness":1.0},"B7B2816E-5DBD-486a-81D2-445F0BF49ABA":{"alphamode":0,"base_map":"png/23.png","color":{"a":0.0,"b":0.49803921580314636,"g":0.49803921580314636,"r":0.49803921580314636},"metallic":1.0,"name":"黑色","nor_map":null,"roughness":1.0},"C7A6FCAF-528F-43bf-BEFC-8DD0EB8E509C":{"alphamode":0,"base_map":null,"color":{"a":1.0,"b":1.0,"g":0.0,"r":0.0},"metallic":1.0,"name":"XF-新风管","nor_map":null,"roughness":1.0},"D25CA965-C30D-4ce5-A980-B6B314E076B5":{"alphamode":0,"base_map":"png/10.png","color":{"a":0.0,"b":0.9176470637321472,"g":0.9176470637321472,"r":0.9176470637321472},"metallic":1.0,"name":"米白","nor_map":null,"roughness":1.0},"D594FFD3-B5C3-4b11-8B6B-43A68BEFC023":{"alphamode":0,"base_map":null,"color":{"a":1.0,"b":1.0,"g":0.0,"r":1.0},"metallic":1.0,"name":"ZP-自喷灭火给水管","nor_map":null,"roughness":0.5},"D6BAFABE-D07F-46ce-8699-BC95A161F06E":{"alphamode":0,"base_map":null,"color":{"a":1.0,"b":0.4000000059604645,"g":0.3843137323856354,"r":0.3529411852359772},"metallic":1.0,"name":"铁，铸铁","nor_map":null,"roughness":0.550000011920929},"DF30D214-2B39-4c52-9B31-8950EF638750":{"alphamode":0,"base_map":null,"color":{"a":1.0,"b":0.0,"g":0.3333333432674408,"r":0.9333333373069763},"metallic":1.0,"name":"PY-消防排烟风管","nor_map":null,"roughness":1.0},"E11A8968-DD89-4748-84CC-CCB733D32CBE":{"alphamode":0,"base_map":null,"color":{"a":1.0,"b":0.0,"g":1.0,"r":0.0},"metallic":1.0,"name":"M-KT空调风系统","nor_map":null,"roughness":0.5},"E2ADD9C6-5729-45e3-BD85-4EBA16538243":{"alphamode":0,"base_map":"png/12.png","color":{"a":0.0,"b":0.9176470637321472,"g":0.9176470637321472,"r":0.9176470637321472},"metallic":1.0,"name":"米白","nor_map":null,"roughness":1.0},"E3DAACEE-9E90-4ac2-8972-321ADD4F5E1A":{"alphamode":0,"base_map":"png/22.png","color":{"a":0.0,"b":0.9176470637321472,"g":0.9176470637321472,"r":0.9176470637321472},"metallic":1.0,"name":"米白","nor_map":null,"roughness":1.0},"EB27A2AC-6FA7-41d2-81F2-71F92A85FDC2":{"alphamode":0,"base_map":"png/17.png","color":{"a":0.0,"b":0.49803921580314636,"g":0.49803921580314636,"r":0.49803921580314636},"metallic":1.0,"name":"黑色","nor_map":null,"roughness":1.0}}