{"6A4D17F6-CD10-40aa-AC6C-368EB2F89FBD":{"alphamode":0,"base_map":null,"color":{"a":1.0,"b":0.0,"g":0.501960813999176,"r":1.0},"metallic":1.0,"name":"01-橙色铝合金板","nor_map":null,"roughness":0.5},"6B4D73BD-B66C-474d-BAE8-44342BF2E6F1":{"alphamode":0,"base_map":null,"color":{"a":0.0,"b":0.47058823704719543,"g":0.47058823704719543,"r":0.47058823704719543},"metallic":1.0,"name":"连接处材质","nor_map":null,"roughness":1.0},"C281F7AF-7EFC-4e22-A03C-13E593F4EC09":{"alphamode":2,"base_map":null,"color":{"a":0.25,"b":0.9333333373069763,"g":0.9411764740943909,"r":0.9254902005195618},"metallic":1.0,"name":"玻璃","nor_map":null,"roughness":1.0},"E59C93C7-4E18-455b-B7DB-421B2B41303C":{"alphamode":2,"base_map":null,"color":{"a":1.0,"b":0.8999999761581421,"g":0.8999999761581421,"r":0.8999999761581421},"metallic":1.0,"name":"空气","nor_map":null,"roughness":0.5199999809265137},"F49391C5-9C00-45b5-8972-957386C61DE3":{"alphamode":0,"base_map":null,"color":{"a":0.0,"b":0.7254902124404907,"g":0.7333333492279053,"r":0.7411764860153198},"metallic":1.0,"name":"01-不锈钢","nor_map":null,"roughness":1.0}}