{"157DAD1D-3114-4522-86A3-76B5582167D5":{"alphamode":0,"base_map":null,"color":{"a":0.0,"b":0.7529411911964417,"g":0.7529411911964417,"r":0.7529411911964417},"metallic":1.0,"name":"混凝土，现场浇注 - C35","nor_map":null,"roughness":1.0},"3D5B1338-7000-4c30-B0D0-457BC82AE815":{"alphamode":0,"base_map":null,"color":{"a":0.0,"b":0.9686274528503418,"g":0.9686274528503418,"r":0.9686274528503418},"metallic":1.0,"name":"金属 - 钢 Q345 B","nor_map":null,"roughness":1.0},"53D45AEC-3CE8-4016-869E-7BDB36817AA3":{"alphamode":0,"base_map":null,"color":{"a":0.0,"b":0.658823549747467,"g":0.7215686440467834,"r":0.7019608020782471},"metallic":1.0,"name":"加气混凝土砌块","nor_map":null,"roughness":1.0},"98D78078-AC35-4b5d-BB55-A889D77136FC":{"alphamode":0,"base_map":"png/5.png","color":{"a":1.0,"b":0.6000000238418579,"g":0.6000000238418579,"r":0.6000000238418579},"metallic":1.0,"name":"钢","nor_map":null,"roughness":0.6000000238418579},"A96A0F1E-824C-4343-A7C1-158B3C2D3691":{"alphamode":0,"base_map":null,"color":{"a":1.0,"b":0.3149999976158142,"g":0.3149999976158142,"r":0.3149999976158142},"metallic":1.0,"name":"DS干拌砂浆","nor_map":null,"roughness":0.5},"DC5CBAF9-A018-49db-B615-0763DB72E941":{"alphamode":0,"base_map":null,"color":{"a":0.0,"b":0.250980406999588,"g":0.501960813999176,"r":1.0},"metallic":1.0,"name":"抛光不锈钢","nor_map":null,"roughness":1.0},"E868A28E-D3D9-4b82-BDF7-5DB8AB7D45AE":{"alphamode":0,"base_map":null,"color":{"a":1.0,"b":0.4700518250465393,"g":0.5227773189544678,"r":0.5135325193405151},"metallic":1.0,"name":"混凝土，现场浇注灰色","nor_map":null,"roughness":1.0},"F281C138-B665-46a2-B98C-3D8B22B1C1A0":{"alphamode":0,"base_map":null,"color":{"a":0.0,"b":0.49803921580314636,"g":0.49803921580314636,"r":0.49803921580314636},"metallic":1.0,"name":"MaterialNode_8355711_0","nor_map":null,"roughness":1.0}}