{"200083AC-0E4D-40af-A2A6-3B0909BBAA0B":{"alphamode":0,"base_map":null,"color":{"a":0.0,"b":0.8901960849761963,"g":0.8901960849761963,"r":0.8901960849761963},"metallic":1.0,"name":"摄像头主体材质","nor_map":null,"roughness":1.0},"236C00D7-AD58-4ae0-9A99-2B9993440E8B":{"alphamode":2,"base_map":null,"color":{"a":1.0,"b":0.7686274647712708,"g":0.7411764860153198,"r":0.7254902124404907},"metallic":1.0,"name":"材质","nor_map":null,"roughness":0.5},"3249E449-5192-48a3-AF1E-0CF57060342F":{"alphamode":0,"base_map":null,"color":{"a":1.0,"b":0.7686274647712708,"g":0.7411764860153198,"r":0.7254902124404907},"metallic":1.0,"name":"白色","nor_map":null,"roughness":0.5},"3CE046D3-363F-41ff-A2A6-5F6E62B805E9":{"alphamode":2,"base_map":null,"color":{"a":0.15000000596046448,"b":0.27450981736183167,"g":0.2823529541492462,"r":0.27843138575553894},"metallic":1.0,"name":"查询机-玻璃屏幕","nor_map":null,"roughness":1.0},"444DF62F-7BE5-4406-95F5-C5A726D8DB36":{"alphamode":0,"base_map":"png/140.png","color":{"a":0.0,"b":0.49803921580314636,"g":0.49803921580314636,"r":0.49803921580314636},"metallic":1.0,"name":"黑色","nor_map":null,"roughness":1.0},"4823700F-4220-44e9-A625-3A5E67172846":{"alphamode":0,"base_map":null,"color":{"a":0.0,"b":0.95686274766922,"g":0.95686274766922,"r":0.95686274766922},"metallic":1.0,"name":"M_安检台材质","nor_map":null,"roughness":1.0},"566AF86D-A3A8-42d1-AB61-F57E8222BD9E":{"alphamode":0,"base_map":null,"color":{"a":1.0,"b":0.5411764979362488,"g":0.572549045085907,"r":0.5647059082984924},"metallic":1.0,"name":"手部","nor_map":null,"roughness":0.5},"5C87D67C-E70A-4c06-AFFE-0649B6E7D249":{"alphamode":2,"base_map":null,"color":{"a":0.15000000596046448,"b":0.9725490212440491,"g":0.9764705896377563,"r":0.9686274528503418},"metallic":1.0,"name":"半球摄像机玻璃罩子","nor_map":null,"roughness":1.0},"6B8F64FF-16BF-4ae0-B978-389C39B4B379":{"alphamode":0,"base_map":null,"color":{"a":1.0,"b":0.49000000953674316,"g":0.5899999737739563,"r":0.4699999988079071},"metallic":1.0,"name":"橡胶","nor_map":null,"roughness":1.0},"881FD216-67F3-4ffb-BE5C-03ADA53A59FC":{"alphamode":0,"base_map":null,"color":{"a":0.0,"b":0.0,"g":0.0,"r":0.0},"metallic":1.0,"name":"塑料","nor_map":null,"roughness":1.0},"88E4839D-60E3-4dee-AD29-4C4714B56943":{"alphamode":0,"base_map":null,"color":{"a":1.0,"b":0.6274510025978088,"g":0.6274510025978088,"r":0.6274510025978088},"metallic":1.0,"name":"摄像机","nor_map":null,"roughness":0.5},"9D94511E-A7FE-4497-B141-9AE7E661BF16":{"alphamode":0,"base_map":null,"color":{"a":0.0,"b":0.09019608050584793,"g":0.10588235408067703,"r":0.8352941274642944},"metallic":1.0,"name":"内外涂环氧复合钢管","nor_map":null,"roughness":1.0},"A3FC3517-4DB6-4976-8835-BD9FBA894859":{"alphamode":0,"base_map":"png/142.png","color":{"a":0.0,"b":0.49803921580314636,"g":0.49803921580314636,"r":0.49803921580314636},"metallic":1.0,"name":"黑色","nor_map":null,"roughness":1.0},"A664601B-3E98-458f-9410-FB78B08DC8BB":{"alphamode":0,"base_map":null,"color":{"a":1.0,"b":0.1882352977991104,"g":0.1882352977991104,"r":0.1882352977991104},"metallic":1.0,"name":"摄像机镜头","nor_map":null,"roughness":0.5},"BF03D448-3259-4f3e-AC37-125932033819":{"alphamode":0,"base_map":null,"color":{"a":0.0,"b":0.8509804010391235,"g":0.8509804010391235,"r":0.8509804010391235},"metallic":1.0,"name":"摄像机外壳","nor_map":null,"roughness":1.0},"DEF3E3A0-1212-4f3e-9817-CED082032CF3":{"alphamode":0,"base_map":null,"color":{"a":0.0,"b":0.9176470637321472,"g":0.9176470637321472,"r":0.9176470637321472},"metallic":1.0,"name":"查询机-贴图","nor_map":null,"roughness":1.0},"E89174E0-80E8-403d-B3A0-CB1C714D62FB":{"alphamode":0,"base_map":"png/141.png","color":{"a":1.0,"b":0.9854856133460999,"g":0.9856501817703247,"r":0.9856458902359009},"metallic":1.0,"name":"半球摄像机主体材质","nor_map":null,"roughness":0.22540000081062317}}